id,food_code,food_name,common_name,scientific_name,food_group,diet,allergens,jain_ok,raw_or_cooked,typical_portion_g,max_g,water,protein,ash,fat,fibre_total,fibre_insol,fibre_sol,carbs,energy_kj,kcal,thiamine_b1_mg,riboflavin_b2_mg,niacin_b3_mg,pantothenic_b5_mg,vit_b6_mg,biotin_b7_ug,folate_ug,vit_c_mg,retinol_ug,ergocalciferol_d2_ug,cholecalciferol_d3_ug,calcidiol_25ohd3_ug,vit_e_mg,vit_k1_ug,vit_k2_ug,calcium_mg,iron_mg,magnesium_mg,zinc_mg,potassium_mg,sodium_mg,phosphorus_mg,selenium_ug,copper_mg,manganese_mg,sat_fat_g,mufa_g,pufa_g,omega6_la_g,omega3_ala_g,omega3_epa_mg,omega3_dha_mg,cholesterol_mg,carotenoids_total_ug,beta_carotene_ug,alpha_carotene_ug,beta_cryptoxanthin_ug,gamma_carotene_ug,lycopene_ug,lutein_ug,zeaxanthin_ug,vit_a_rae_ug,data_note,source,popularity
1,A002,"Amaranth seed, pale brown (Amaranthus cruentus)",Rajgira / amaranth seed,Amaranthus cruentus,cereal_millet,vegan,,True,dry_raw,60,200,9.2,13.27,3.05,5.56,7.47,5.8,1.67,61.46,1489.0,356.0,0.04,0.04,0.52,0.28,0.33,1.87,24.65,,,53.98,,,0.15,2.5,,162.0,8.02,270.0,2.52,413.0,2.81,412.0,21.41,0.56,4.44,1.14,1.043,2.266,2.223,0.04303,,,,59.68,,,,,,4.11,,0.0,dry weight; cooked weight is ~2-3x for grains,IFCT 2017,1
2,A003,Bajra (Pennisetum typhoideum),Bajra (pearl millet),Pennisetum typhoideum,cereal_millet,vegan,,True,dry_raw,60,200,8.97,10.96,1.37,5.43,11.49,9.14,2.34,61.78,1456.0,348.0,0.25,0.2,0.86,0.5,0.27,0.64,36.11,,,5.65,,,0.24,2.85,,27.35,6.42,124.0,2.76,365.0,4.11,289.0,30.4,0.54,1.12,0.875,1.047,1.984,1.844,0.14,,,,293.0,28.23,,,,,29.69,9.3,2.4,dry weight; cooked weight is ~2-3x for grains,IFCT 2017,2
3,A004,Barley (Hordeum vulgare),Barley (jau),Hordeum vulgare,cereal_millet,vegan,gluten,True,dry_raw,60,200,9.77,10.94,1.06,1.3,15.64,9.98,5.66,61.29,1321.0,316.0,0.36,0.18,2.84,0.14,0.31,2.38,31.58,,,,,,0.01,1.85,,28.64,1.56,48.97,1.5,268.0,7.56,178.0,18.61,0.43,1.24,0.232,0.09079,0.575,0.549,0.02632,,,,69.87,,,,,,5.39,1.9,0.0,dry weight; cooked weight is ~2-3x for grains,IFCT 2017,2
4,A005,Jowar (Sorghum vulgare),Jowar (sorghum),Sorghum vulgare,cereal_millet,vegan,,True,dry_raw,60,200,9.01,9.97,1.39,1.73,10.22,8.49,1.73,67.68,1398.0,334.0,0.35,0.14,2.1,0.27,0.28,0.7,39.42,,,3.96,,,0.06,43.82,,27.6,3.95,133.0,1.96,328.0,5.42,274.0,26.29,0.45,1.19,0.163,0.314,0.524,0.508,0.01654,,,,212.0,8.29,,,,,9.08,7.48,0.7,dry weight; cooked weight is ~2-3x for grains,IFCT 2017,2
5,A006,"Maize, dry (Zea mays)","Maize, dry (makka)",Zea mays,cereal_millet,vegan,,True,dry_raw,60,200,9.26,8.8,1.17,3.77,12.24,11.29,0.94,64.77,1398.0,334.0,0.33,0.09,2.69,0.34,0.34,0.49,25.81,,,33.6,,,0.36,2.5,,8.91,2.49,145.0,2.27,291.0,4.44,279.0,8.69,0.45,0.71,0.413,0.706,1.606,1.565,0.04076,,,,893.0,186.0,,110.0,,,186.0,42.4,20.1,dry weight; cooked weight is ~2-3x for grains,IFCT 2017,2
6,A007,"Maize, tender, local (Zea mays)","Corn, tender (bhutta)",Zea mays,cereal_millet,vegan,,True,dry_raw,60,200,68.29,3.57,0.38,1.4,3.67,3.23,0.43,22.69,502.0,120.0,0.17,0.12,1.13,0.35,0.45,1.7,62.96,4.26,,42.34,,,0.09,2.0,,6.35,0.71,47.62,0.97,167.0,2.24,163.0,3.83,0.18,0.36,0.109,0.147,0.347,0.337,0.01046,,,,1428.0,36.27,,37.26,,,110.0,26.53,4.6,,IFCT 2017,2
7,A008,"Maize, tender, sweet (Zea mays)",Sweet corn,Zea mays,cereal_millet,vegan,,True,dry_raw,60,200,74.4,4.16,0.36,1.35,3.3,2.71,0.59,16.42,405.0,97.0,0.1,0.14,1.14,0.32,0.38,1.91,59.71,5.72,,16.94,,,0.1,1.8,,6.37,0.54,36.51,0.77,297.0,2.23,121.0,2.17,0.11,0.32,0.123,0.176,0.3,0.292,0.00765,,,,1035.0,47.01,,58.41,,,108.0,28.19,6.4,,IFCT 2017,1
8,A009,Quinoa (Chenopodium quinoa),Quinoa,Chenopodium quinoa,cereal_millet,vegan,,True,dry_raw,60,150,10.43,13.11,2.65,5.5,14.66,10.21,4.46,53.65,1374.0,328.0,0.83,0.22,1.7,0.62,0.21,0.62,173.0,,,,,,2.08,2.0,,198.0,7.51,119.0,3.31,474.0,4.5,212.0,7.81,0.48,1.77,0.57,1.424,2.406,2.203,0.204,,,,153.0,5.12,,,,,11.88,10.05,0.4,,IFCT 2017,1
9,A010,Ragi (Eleusine coracana),Ragi (finger millet),Eleusine coracana,cereal_millet,vegan,,True,dry_raw,60,200,10.89,7.16,2.04,1.92,11.18,9.51,1.67,66.82,1342.0,321.0,0.37,0.17,1.34,0.29,0.05,0.88,34.66,,,41.46,,,0.16,3.0,,364.0,4.62,146.0,2.53,443.0,4.75,210.0,15.3,0.67,3.19,0.317,0.585,0.431,0.362,0.06858,,,,154.0,1.53,,,,,25.53,1.45,0.1,dry weight; cooked weight is ~2-3x for grains,IFCT 2017,2
10,A011,Rice flakes (Oryza sativa ),Poha (rice flakes),Oryza sativa ,cereal_millet,vegan,,True,dry_raw,50,150,10.36,7.44,0.85,1.14,3.46,2.65,0.81,76.75,1480.0,354.0,0.12,0.04,1.6,0.48,0.02,0.39,8.46,,,,,,0.05,1.0,,9.19,4.46,77.92,1.49,148.0,2.58,195.0,,0.26,0.89,0.284,0.425,0.577,0.553,0.02437,,,,33.61,,,,,,1.46,,0.0,,IFCT 2017,3
11,A012,Rice puffed (Oryza sativa ),Murmura (puffed rice),Oryza sativa ,cereal_millet,vegan,,True,dry_raw,30,60,9.4,7.47,1.28,1.62,2.56,1.76,0.8,77.68,1514.0,362.0,0.11,0.04,1.87,0.38,0.07,1.26,,,,,,,0.04,1.0,,15.09,4.55,64.59,1.45,140.0,3.69,152.0,,0.25,0.91,0.04684,0.03977,0.0448,0.04342,0.00139,,,,50.46,,,,,,1.51,,0.0,,IFCT 2017,2
12,A013,"Rice, raw, brown (Oryza sativa )","Brown rice, raw",Oryza sativa ,cereal_millet,vegan,,True,dry_raw,60,200,9.33,9.16,1.04,1.24,4.43,3.6,0.82,74.8,1480.0,354.0,0.27,0.06,3.4,0.61,0.37,1.38,11.51,,,,,,0.69,2.0,,10.93,1.02,93.91,1.68,199.0,3.64,267.0,2.26,0.37,1.7,0.346,0.203,0.506,0.49,0.0161,,,,159.0,,,,,,13.15,,0.0,dry weight; cooked weight is ~2-3x for grains,IFCT 2017,3
13,A014,"Rice, parboiled, milled (Oryza sativa )","Parboiled rice, raw",Oryza sativa ,cereal_millet,vegan,,True,dry_raw,60,200,10.09,7.81,0.65,0.55,3.74,2.98,0.76,77.16,1471.0,352.0,0.17,0.06,2.51,0.55,0.22,0.31,9.75,,,,,,0.09,1.5,,8.11,0.72,26.72,1.08,142.0,3.16,140.0,1.19,0.27,0.79,0.15,0.08666,0.216,0.209,0.00718,,,,46.9,,,,,,1.46,,0.0,dry weight; cooked weight is ~2-3x for grains,IFCT 2017,2
14,A015,"Rice, raw, milled (Oryza sativa )","White rice, raw",Oryza sativa ,cereal_millet,vegan,,True,dry_raw,60,200,9.93,7.94,0.56,0.52,2.81,1.99,0.82,78.24,1491.0,356.0,0.05,0.05,1.69,0.57,0.12,0.6,9.32,,,,,,0.06,1.5,,7.49,0.65,19.3,1.21,108.0,2.34,96.0,1.01,0.23,0.73,0.184,0.117,0.253,0.234,0.00951,,,,16.87,,,,,,1.49,,0.0,dry weight; cooked weight is ~2-3x for grains,IFCT 2017,3
15,A016,Samai (Panicum miliare),Samai (little millet),Panicum miliare,cereal_millet,vegan,,True,dry_raw,60,200,11.36,10.13,1.34,3.89,7.72,5.45,2.27,65.55,1449.0,346.0,0.26,0.05,1.29,0.6,0.04,6.03,36.2,,,3.75,,,0.55,4.47,,16.06,1.26,91.41,1.82,105.0,4.77,130.0,40.41,0.34,0.23,0.589,0.868,1.277,1.23,0.0472,,,,120.0,1.91,,,,,7.82,5.24,0.2,dry weight; cooked weight is ~2-3x for grains,IFCT 2017,1
16,A017,Varagu (Setaria italica),Varagu (kodo millet),Setaria italica,cereal_millet,vegan,,True,dry_raw,60,200,14.23,8.92,1.72,2.55,6.39,4.29,2.11,66.19,1388.0,332.0,0.29,0.2,1.49,0.63,0.07,1.49,39.49,,,,,,0.07,3.75,,15.27,2.34,122.0,1.65,94.0,3.35,101.0,14.12,0.26,0.33,0.246,0.297,0.597,0.576,0.02102,,,,272.0,1.41,,,,,59.4,3.91,0.1,dry weight; cooked weight is ~2-3x for grains,IFCT 2017,1
17,A018,"Wheat flour, refined (Triticum aestivum)",Maida (refined wheat flour),Triticum aestivum,cereal_millet,vegan,gluten,True,dry_raw,60,200,11.34,10.36,0.51,0.76,2.76,2.14,0.62,74.27,1472.0,352.0,0.15,0.06,0.77,0.72,0.08,0.58,16.25,,,6.73,,,0.05,1.0,,20.4,1.77,30.69,0.88,148.0,1.54,110.0,,0.17,0.63,0.09855,0.05064,0.343,0.325,0.01745,,,,270.0,1.97,,,,,24.41,1.3,0.2,,IFCT 2017,1
18,A019,"Wheat flour, atta (Triticum aestivum)",Atta (whole wheat flour),Triticum aestivum,cereal_millet,vegan,gluten,True,dry_raw,60,200,11.1,10.57,1.28,1.53,11.36,9.73,1.63,64.17,1340.0,320.0,0.42,0.15,2.37,0.87,0.25,0.76,29.22,,,13.43,,,0.26,1.5,,30.94,4.1,125.0,2.85,311.0,2.04,315.0,53.12,0.48,2.98,0.206,0.149,0.742,0.697,0.04493,,,,284.0,2.67,,,,,42.12,1.31,0.2,dry weight; cooked weight is ~2-3x for grains,IFCT 2017,3
19,A020,"Wheat, whole (Triticum aestivum)","Wheat, whole (gehun)",Triticum aestivum,cereal_millet,vegan,gluten,True,dry_raw,60,200,10.58,10.59,1.42,1.47,11.23,9.63,1.6,64.72,1347.0,322.0,0.46,0.15,2.68,1.08,0.26,1.03,30.09,,,17.49,,,0.77,1.75,,39.36,3.97,125.0,2.85,366.0,2.5,315.0,47.76,0.49,3.19,0.191,0.141,0.654,0.616,0.0385099999999999,,,,287.0,3.03,,,,,52.56,1.47,0.3,dry weight; cooked weight is ~2-3x for grains,IFCT 2017,2
20,A022,"Wheat, semolina (Triticum aestivum)",Suji / rava (semolina),Triticum aestivum,cereal_millet,vegan,gluten,True,dry_raw,60,200,8.94,11.38,0.8,0.74,9.72,8.16,1.55,68.43,1396.0,334.0,0.29,0.04,1.13,0.75,0.11,0.44,25.68,,,8.19,,,0.2,1.2,,29.38,2.98,37.89,2.13,284.0,2.31,119.0,10.93,0.46,1.98,0.08887,0.06734,0.325,0.306,0.01921,,,,276.0,1.6,,,,,29.94,1.13,0.1,,IFCT 2017,2
21,A023,"Wheat, vermicelli (Triticum aestivum)",Seviyan (vermicelli),Triticum aestivum,cereal_millet,vegan,gluten,True,dry_raw,60,200,9.59,9.7,0.6,0.45,9.28,7.53,1.75,70.39,1392.0,333.0,0.13,0.01,0.86,0.52,0.03,2.0,14.35,,,4.06,,,0.03,1.0,,19.42,2.02,34.18,0.83,163.0,2.71,99.0,15.33,0.19,0.67,0.06459,0.03606,0.22,0.209,0.01126,,,,39.54,1.68,,,,,19.31,0.89,0.1,,IFCT 2017,1
22,B001,"Bengal gram, dal (Cicer arietinum)",Chana dal (split Bengal gram),Cicer arietinum,pulse,vegan,,True,dry_raw,40,100,9.18,21.55,2.1,5.31,15.15,12.67,2.48,46.72,1377.0,329.0,0.35,0.15,1.87,1.6,0.19,0.81,182.0,,,1.75,,,0.19,1.5,,46.32,6.08,118.0,3.65,957.0,20.83,325.0,50.97,0.82,1.68,0.469,0.876,2.476,2.36,0.116,,,,1018.0,165.0,,,,,314.0,1.05,13.8,dry weight; cooked ~2.5x,IFCT 2017,3
23,B002,"Bengal gram, whole (Cicer arietinum)",Kala chana (whole Bengal gram),Cicer arietinum,pulse,vegan,,True,dry_raw,40,100,8.56,18.77,2.78,5.11,25.22,22.7,2.52,39.56,1201.0,287.0,0.37,0.24,2.1,2.38,0.36,0.93,233.0,,,1.93,,,1.72,2.1,,150.0,6.78,160.0,3.37,935.0,26.56,267.0,41.23,0.85,2.71,0.453,0.89,2.337,2.22,0.117,,,,999.0,172.0,,,,,385.0,24.74,14.3,dry weight; cooked ~2.5x,IFCT 2017,3
24,B003,"Black gram, dal (Phaseolus mungo)",Urad dal (split black gram),Phaseolus mungo,pulse,vegan,,True,dry_raw,40,100,9.16,23.06,3.17,1.69,11.93,7.58,4.35,51.0,1356.0,324.0,0.21,0.09,1.76,2.95,0.22,0.81,88.75,,,8.42,,,0.17,8.3,,55.67,4.67,173.0,3.0,1157.0,18.88,375.0,23.99,0.64,1.46,0.276,0.186,0.742,0.176,0.566,,,,279.0,10.11,,,,,83.87,,0.8,dry weight; cooked ~2.5x,IFCT 2017,2
25,B004,"Black gram, whole (Phaseolus mungo)",Whole urad (black gram),Phaseolus mungo,pulse,vegan,,True,dry_raw,40,100,8.7,21.97,3.35,1.58,20.41,15.47,4.94,43.99,1219.0,291.0,0.32,0.11,1.85,3.98,0.53,1.28,134.0,,,16.84,,,0.23,10.8,,86.18,5.97,190.0,3.05,1093.0,26.8,345.0,27.98,0.76,1.83,0.258,0.161,0.718,0.117,0.601,,,,463.0,12.8,,,,,95.42,,1.1,dry weight; cooked ~2.5x,IFCT 2017,2
26,B005,"Cowpea, brown (Vigna catjang)","Lobia, brown (cowpea)",Vigna catjang,pulse,vegan,,True,dry_raw,40,100,9.42,20.36,2.9,1.15,11.54,8.75,2.8,54.62,1340.0,320.0,0.33,0.09,1.64,1.47,0.3,3.97,231.0,,,0.92,,,0.7,1.75,,81.73,5.9,213.0,3.41,1241.0,13.68,372.0,23.95,0.81,1.51,0.283,0.0605799999999999,0.55,0.343,0.207,,,,218.0,7.08,,,,,83.34,,0.6,dry weight; cooked ~2.5x,IFCT 2017,2
27,B006,"Cowpea, white (Vigna catjang)","Lobia, white (cowpea)",Vigna catjang,pulse,vegan,,True,dry_raw,40,100,9.32,21.25,2.83,1.14,11.7,8.91,2.79,53.77,1340.0,320.0,0.34,0.09,1.51,1.66,0.26,4.28,249.0,,,0.93,,,0.65,1.7,,84.1,5.04,213.0,3.57,1243.0,12.52,378.0,26.55,0.68,1.35,0.285,0.07012,0.557,0.354,0.203,,,,250.0,8.21,,,,,78.52,,0.7,dry weight; cooked ~2.5x,IFCT 2017,2
28,B010,"Green gram, dal (Phaseolus aureus)",Moong dal (split green gram),Phaseolus aureus,pulse,vegan,,True,dry_raw,40,100,9.77,23.88,3.04,1.35,9.37,7.75,1.62,52.59,1363.0,326.0,0.35,0.12,1.84,1.68,0.19,0.65,92.11,,,2.05,,,0.23,8.3,,43.13,3.93,155.0,2.49,1268.0,10.14,416.0,50.14,0.97,0.98,0.247,0.03585,0.534,0.377,0.157,,,,619.0,122.0,,,,,113.0,2.98,10.2,dry weight; cooked ~2.5x,IFCT 2017,3
29,B011,"Green gram, whole (Phaseolus aureus)",Whole moong (green gram),Phaseolus aureus,pulse,vegan,,True,dry_raw,40,100,9.95,22.53,3.22,1.14,17.04,14.59,2.44,46.13,1229.0,294.0,0.45,0.27,2.16,2.02,0.35,1.35,145.0,,,3.15,,,0.33,12.63,,92.43,4.89,198.0,2.67,1177.0,12.48,353.0,23.32,1.0,1.05,0.274,0.0272199999999999,0.611,0.43,0.18,,,,889.0,137.0,,,,,187.0,5.63,11.4,dry weight; cooked ~2.5x,IFCT 2017,2
30,B012,"Horse gram, whole (Dolicus biflorus)",Kulthi (horse gram),Dolicus biflorus,pulse,vegan,,True,dry_raw,40,100,9.28,21.73,3.24,0.62,7.88,6.22,1.66,57.24,1379.0,330.0,0.32,0.24,1.82,1.58,0.21,0.59,163.0,,,1.8,,,0.27,10.24,,269.0,8.76,152.0,2.71,1065.0,12.14,298.0,29.49,1.29,3.13,0.135,0.06889,0.258,0.207,0.05168,,,,267.0,58.57,,,,,67.26,2.92,4.9,dry weight; cooked ~2.5x,IFCT 2017,1
31,B013,Lentil dal (Lens culinaris),Masoor dal (red lentil),Lens culinaris,pulse,vegan,,True,dry_raw,40,100,9.71,24.35,2.23,0.75,10.43,8.6,1.83,52.53,1349.0,322.0,0.34,0.16,1.81,1.32,0.18,1.25,49.99,,,1.31,,,0.16,3.75,,44.32,7.06,74.69,3.61,786.0,10.27,310.0,49.5,0.96,1.16,0.0910199999999999,0.112,0.336,0.266,0.07014,,,,812.0,6.34,,,,,5.92,,0.5,dry weight; cooked ~2.5x,IFCT 2017,3
32,B014,"Lentil whole, brown (Lens culinaris)",Whole masoor (brown lentil),Lens culinaris,pulse,vegan,,True,dry_raw,40,100,9.2,22.49,2.39,0.64,16.82,14.16,2.66,48.47,1251.0,299.0,0.4,0.22,2.54,1.84,0.46,1.74,132.0,,,14.52,,,0.19,7.27,,76.13,7.57,101.0,3.6,756.0,11.2,274.0,33.14,0.98,1.55,0.08122,0.102,0.277,0.221,0.0554,,,,924.0,10.29,,,,,6.85,,0.9,dry weight; cooked ~2.5x,IFCT 2017,2
33,B016,Moth bean (Vigna aconitifolia),Moth bean (matki),Vigna aconitifolia,pulse,vegan,,True,dry_raw,40,100,8.14,19.75,3.14,1.76,15.12,14.5,0.62,52.09,1291.0,309.0,0.45,0.09,1.87,1.41,0.16,2.12,349.0,,,9.77,,,0.79,22.75,,154.0,7.9,205.0,1.92,1356.0,26.34,362.0,18.82,0.64,1.07,0.434,0.07225,0.848,0.609,0.24,,,,622.0,3.57,,,,,148.0,,0.3,dry weight; cooked ~2.5x,IFCT 2017,1
34,B017,"Peas, dry (Pisum sativum)",Dry peas (matar),Pisum sativum,pulse,vegan,,True,dry_raw,40,100,9.33,20.43,2.41,1.89,17.01,14.55,2.47,48.93,1269.0,303.0,0.56,0.16,2.69,1.26,0.26,0.53,110.0,,,15.21,,,0.32,11.45,,75.11,5.09,123.0,3.1,922.0,23.4,334.0,50.07,0.68,1.08,0.242,0.398,0.873,0.728,0.145,,,,933.0,65.71,,,,,474.0,23.41,5.5,dry weight; cooked ~2.5x,IFCT 2017,2
35,B019,"Rajmah, brown (Phaseolus vulgaris)","Rajma, brown",Phaseolus vulgaris,pulse,vegan,,True,dry_raw,40,100,9.68,19.5,3.36,1.68,16.95,14.33,2.62,48.83,1245.0,298.0,0.26,0.21,2.37,2.06,0.21,0.77,330.0,,,25.82,,,0.23,5.5,,134.0,6.3,164.0,2.6,1366.0,10.47,396.0,12.7,0.89,1.19,0.242,0.09176,0.896,0.344,0.552,,,,90.26,2.16,,,,,7.18,,0.2,dry weight; cooked ~2.5x,IFCT 2017,3
36,B020,"Rajmah, red (Phaseolus vulgaris)","Rajma, red",Phaseolus vulgaris,pulse,vegan,,True,dry_raw,40,100,9.87,19.91,3.28,1.77,16.57,13.86,2.7,48.61,1252.0,299.0,0.3,0.19,2.42,1.82,0.21,0.77,316.0,,,26.73,,,0.23,4.9,,126.0,6.13,173.0,2.69,1324.0,10.45,409.0,22.45,0.78,1.24,0.256,0.08784,0.931,0.374,0.557,,,,103.0,1.6,,,,,6.76,,0.1,dry weight; cooked ~2.5x,IFCT 2017,3
37,B021,"Red gram, dal (Cajanus cajan)",Toor / arhar dal (red gram),Cajanus cajan,pulse,vegan,,True,dry_raw,40,100,9.2,21.7,3.26,1.56,9.06,6.67,2.39,55.23,1384.0,331.0,0.45,0.11,2.09,1.27,0.24,0.31,108.0,,,2.12,,,0.19,42.25,,71.73,3.9,119.0,2.63,1395.0,18.01,328.0,14.36,1.14,1.12,0.257,0.0899399999999999,0.651,0.6,0.05144,,,,484.0,127.0,,,,,11.69,,10.6,dry weight; cooked ~2.5x,IFCT 2017,3
38,B022,"Red gram, whole (Cajanus cajan)",Whole toor (red gram),Cajanus cajan,pulse,vegan,,True,dry_raw,40,100,9.3,20.47,3.53,1.38,22.84,19.69,3.15,42.48,1146.0,274.0,0.74,0.15,2.42,1.56,0.42,0.65,229.0,,,2.78,,,0.8,91.83,,139.0,5.37,155.0,2.99,1303.0,19.03,312.0,15.41,1.32,1.34,0.277,0.07855,0.637,0.585,0.05167,,,,579.0,149.0,,,,,25.25,,12.4,dry weight; cooked ~2.5x,IFCT 2017,2
39,B024,"Soya bean, brown (Glycine max)",Soya bean,Glycine max,pulse,vegan,soy,True,dry_raw,30,80,5.51,35.58,4.74,19.82,21.55,16.56,5.0,12.79,1596.0,381.0,0.59,0.24,2.12,1.97,0.43,0.73,297.0,,,66.22,,,1.29,45.8,,239.0,8.29,259.0,4.01,1613.0,2.07,483.0,19.0,1.29,2.69,3.092,4.558,11.279,9.969,1.31,,,,262.0,3.5,,,,,35.47,,0.3,dry weight; cooked ~2.5x,IFCT 2017,2
40,C002,"Amaranth leaves, green (Amaranthus gangeticus)",Chaulai (amaranth leaves),Amaranthus gangeticus,leafy_green,vegan,,True,raw,100,200,86.85,3.29,2.52,0.65,4.41,3.21,1.2,2.28,128.0,31.0,0.01,0.19,0.71,0.41,0.21,2.46,70.33,83.54,,16.01,,,0.44,280.0,,330.0,4.64,194.0,0.86,572.0,16.08,73.22,20.97,0.21,1.24,0.194,0.04887,0.358,0.111,0.247,,,,20473.0,8553.0,,,,,8397.0,164.0,712.8,,IFCT 2017,2
41,C007,Basella leaves (Basella alba),Poi (basella),Basella alba,leafy_green,vegan,,True,raw,100,200,92.68,1.57,1.09,0.45,2.21,1.64,0.57,2.01,82.0,20.0,0.06,0.15,0.46,0.48,0.18,1.07,90.31,63.35,,9.18,,,0.16,236.0,,93.89,4.2,153.0,0.39,337.0,18.74,37.26,6.17,0.12,1.29,0.101,0.05128,0.203,0.08067,0.123,,,,5824.0,2473.0,,,,,2962.0,241.0,206.1,,IFCT 2017,1
42,C008,Bathua leaves (Chenopodium album),Bathua,Chenopodium album,leafy_green,vegan,,True,raw,100,200,88.77,2.5,1.71,0.44,4.01,2.34,1.68,2.56,116.0,28.0,0.06,0.51,0.54,0.41,0.17,1.25,42.55,41.03,,1.01,,,0.25,224.0,,211.0,2.66,48.41,0.98,438.0,10.75,37.55,1.4,0.1,1.58,0.12,0.00861,0.219,0.05068,0.169,,,,3469.0,1075.0,,,,,1795.0,132.0,89.6,,IFCT 2017,1
43,C009,Beet greens (Beta vulgaris),Beet greens,Beta vulgaris,leafy_green,vegan,,True,raw,100,200,86.68,2.38,2.69,0.75,3.64,2.2,1.43,3.86,145.0,35.0,0.02,0.17,0.43,0.29,0.13,4.66,11.52,35.83,,1.65,,,0.21,69.45,,151.0,5.8,120.0,0.16,530.0,111.0,36.02,47.75,0.14,1.16,0.188,0.07951,0.308,0.101,0.207,,,,3340.97,1703.0,,,,,1495.0,146.0,141.9,,IFCT 2017,1
44,C015,"Cabbage, green (Brassica oleracea var. capitata f. alba)",Cabbage (patta gobi),Brassica oleracea var. capitata f. alba,leafy_green,vegan,,True,raw,100,200,91.85,1.36,0.67,0.12,2.76,1.91,0.85,3.25,90.0,22.0,0.03,0.05,0.24,0.24,0.13,1.41,46.36,33.25,,0.21,,,0.05,113.0,,51.76,0.35,17.99,0.16,233.0,14.98,30.15,1.08,0.03,0.2,0.04654,0.03005,0.0914,0.0428,0.04861,,,,273.0,20.48,,,,,3.98,,1.7,,IFCT 2017,3
45,C018,"Colocasia leaves, green (Colocasia anti-quorum)",Arbi leaves (colocasia),Colocasia anti-quorum,leafy_green,vegan,,True,raw,100,200,83.61,3.42,2.3,1.38,5.6,4.32,1.29,3.69,182.0,43.0,0.08,0.07,0.8,0.27,0.29,12.1,159.0,40.71,,1.7,,,0.07,318.0,,216.0,3.41,59.44,0.82,404.0,12.08,57.88,4.3,0.29,1.3,0.426,0.04763,0.689,0.353,0.335,,,,26820.0,5758.0,,,,,5222.0,136.0,479.8,,IFCT 2017,1
46,C019,Drumstick leaves (Moringa oleifera),Moringa / drumstick leaves,Moringa oleifera,leafy_green,vegan,,True,raw,100,200,75.65,6.41,2.46,1.64,8.21,6.12,2.1,5.62,282.0,67.0,0.06,0.45,0.82,0.39,0.87,2.26,42.89,108.0,,14.33,,,0.31,479.0,,314.0,4.56,97.09,0.72,397.0,9.34,109.0,5.95,0.44,1.26,0.56,0.102,0.668,0.222,0.446,,,,38765.0,17542.0,,,,,15580.0,235.0,1461.8,,IFCT 2017,2
47,C020,Fenugreek leaves (Trigonella foenum graecum),Methi leaves (fenugreek),Trigonella foenum graecum,leafy_green,vegan,,True,raw,100,200,86.73,3.68,1.69,0.83,4.9,3.2,1.7,2.17,144.0,34.0,0.11,0.22,0.7,0.49,0.38,4.82,75.26,58.25,,2.36,,,0.36,428.0,,274.0,5.69,63.67,0.54,226.0,47.01,53.05,1.29,0.18,0.84,0.199,0.0201499999999999,0.445,0.08283,0.362,,,,12755.0,9245.0,,,,,2275.0,28.28,770.4,,IFCT 2017,3
48,C022,"Gogu leaves, green (Hibiscus cannabinus)",Gongura (roselle leaves),Hibiscus cannabinus,leafy_green,vegan,,True,raw,100,200,87.42,1.86,0.98,1.09,4.59,3.24,1.35,4.06,152.0,36.0,0.13,0.06,0.58,0.7,0.33,3.38,74.94,29.65,,4.28,,,0.5,433.0,,145.0,7.65,83.09,0.65,260.0,12.34,41.99,2.38,0.23,2.03,0.245,0.03985,0.584,0.15,0.434,,,,16088.0,5285.0,,,,,5276.0,18.72,440.4,,IFCT 2017,1
49,C025,Lettuce (Lactuca sativa),Lettuce,Lactuca sativa,leafy_green,vegan,,True,raw,100,200,92.27,1.54,1.11,0.27,1.79,1.32,0.47,3.01,91.0,22.0,0.05,0.09,0.17,0.11,0.08,2.15,30.69,11.91,,0.1,,,0.01,91.08,,56.71,2.73,43.22,0.51,279.0,17.53,44.1,5.56,0.14,0.38,0.116,0.02222,0.208,0.07485,0.134,,,,7532.0,1285.0,,,,,1858.0,5.64,107.1,,IFCT 2017,2
50,C026,Mustard leaves (Brassica juncea),Sarson (mustard leaves),Brassica juncea,leafy_green,vegan,,True,raw,100,200,88.17,3.52,1.47,0.51,3.92,3.04,0.87,2.41,127.0,30.0,0.08,0.18,0.58,0.26,0.16,1.7,110.0,60.32,,5.4,,,0.57,192.0,,191.0,2.84,51.63,0.68,403.0,19.14,71.62,8.03,0.24,0.41,0.142,0.0275599999999999,0.323,0.08312,0.24,,,,6397.0,2619.0,,,,,2939.0,8.13,218.2,,IFCT 2017,2
51,C031,Radish leaves (Raphanus sativus),Mooli leaves (radish),Raphanus sativus,leafy_green,vegan,,True,raw,100,200,91.19,2.22,1.5,0.51,1.82,1.18,0.63,2.77,109.0,26.0,0.06,0.13,0.47,0.14,0.16,4.39,53.14,65.76,,1.39,,,0.08,185.0,,234.0,3.82,57.96,0.49,304.0,17.39,50.08,33.05,0.29,0.9,0.147,0.02693,0.248,0.04549,0.203,,,,9339.0,2591.0,,,,,1741.0,22.71,215.9,,IFCT 2017,1
52,C033,Spinach (Spinacia oleracea),Palak (spinach),Spinacia oleracea,leafy_green,vegan,,True,raw,100,200,90.31,2.14,2.47,0.64,2.38,1.52,0.86,2.05,102.0,24.0,0.16,0.1,0.33,0.22,0.15,4.14,142.0,30.28,,0.26,,,1.29,325.0,,82.29,2.95,86.97,0.46,625.0,42.55,32.59,2.09,0.17,1.12,0.183,0.04283,0.295,0.07506,0.22,,,,9553.0,2605.0,,,,,3850.0,17.23,217.1,,IFCT 2017,3
53,D001,Ash gourd (Benincasa hispida),Petha (ash gourd),Benincasa hispida,vegetable,vegan,,True,raw,100,250,92.17,0.79,0.7,0.14,3.37,2.52,0.85,2.84,73.0,17.0,0.03,0.01,0.12,0.37,0.18,2.01,14.11,11.41,,1.35,,,0.02,27.15,,19.39,0.47,19.95,0.13,372.0,0.77,29.07,1.15,0.04,0.09,0.02526,0.00743,0.07647,0.07489,0.00158,,,,66.67,,,,,,18.29,5.76,0.0,,IFCT 2017,1
54,D004,"Bitter gourd, jagged, teeth ridges, elongate (Momordica charantia)",Karela (bitter gourd),Momordica charantia,vegetable,vegan,,True,raw,100,250,90.87,1.44,0.86,0.24,3.78,3.1,0.68,2.82,87.0,21.0,0.05,0.04,0.27,0.33,0.05,5.76,60.28,46.53,,1.92,,,0.03,4.55,,21.36,1.15,32.14,0.31,326.0,13.09,44.9,4.97,0.09,0.25,0.144,0.00808,0.04078,0.01774,0.0230399999999999,,,,717.0,122.0,,,,,282.0,5.83,10.2,,IFCT 2017,2
55,D007,"Bottle gourd, elongate, pale green (Lagenaria vulgaris)",Lauki (bottle gourd),Lagenaria vulgaris,vegetable,vegan,,True,raw,100,250,95.17,0.53,0.36,0.13,2.12,1.65,0.48,1.68,46.0,11.0,0.03,0.01,0.14,0.56,0.02,2.55,41.99,4.33,,0.74,,,0.02,2.1,,15.42,0.26,10.93,0.15,124.0,1.46,16.01,1.77,0.05,0.13,0.04144,0.00354,0.06494,0.04031,0.02463,,,,95.12,44.05,,,,,28.88,,3.7,,IFCT 2017,3
56,D031,Brinjal - all varieties (Solanum melongena),Baingan (brinjal),Solanum melongena,vegetable,vegan,,True,raw,100,250,90.0,1.48,0.7,0.32,3.98,2.84,1.14,3.52,106.0,25.0,0.06,0.11,0.53,0.31,0.07,1.76,33.93,2.09,,1.04,,,0.07,13.53,,16.59,0.37,21.0,0.21,247.0,3.55,32.56,,0.11,0.17,0.07115,0.02145,0.149,0.127,0.02265,,,,309.0,146.0,,,,,144.0,3.21,12.2,,IFCT 2017,3
57,D033,"Capsicum, green (Capsicum annuum)","Shimla mirch, green (capsicum)",Capsicum annuum,vegetable,vegan,,True,raw,100,250,93.89,1.11,0.76,0.34,2.06,1.33,0.73,1.84,68.0,16.0,0.05,0.03,0.56,0.21,0.15,4.59,51.85,123.0,,0.7,,,0.07,24.66,,14.75,0.48,11.84,0.15,154.0,1.84,23.0,0.18,0.06,0.1,0.07703,0.01271,0.172,0.135,0.0370799999999999,,,,2511.0,328.0,,,,,164.0,21.41,27.3,,IFCT 2017,2
58,D034,"Capsicum, red (Capsicum annuum)","Shimla mirch, red (capsicum)",Capsicum annuum,vegetable,vegan,,True,raw,100,250,92.99,1.47,0.76,0.47,2.19,1.58,0.61,2.14,83.0,20.0,0.1,0.03,0.66,0.25,0.24,5.47,62.54,112.0,,0.52,,,0.19,28.42,,15.76,0.38,19.57,0.34,224.0,1.7,30.81,0.34,0.07,0.24,0.08639,0.04765,0.217,0.18,0.03777,,,,3047.0,246.0,,,,,165.0,18.28,20.5,,IFCT 2017,2
59,D036,Cauliflower (Brassica oleracea),Gobhi (cauliflower),Brassica oleracea,vegetable,vegan,,True,raw,100,250,90.76,2.15,0.91,0.44,3.71,2.66,1.04,2.03,96.0,23.0,0.04,0.07,0.31,0.62,0.13,2.47,45.95,47.14,,1.32,,,0.02,14.33,,25.16,0.96,23.08,0.31,329.0,30.72,47.33,0.47,0.05,0.23,0.117,0.0248299999999999,0.216,0.099,0.117,,,,50.48,1.59,,,,,31.3,5.77,0.1,,IFCT 2017,3
60,D039,Cluster beans (Cyamopsis tetragonobola),Gawar (cluster beans),Cyamopsis tetragonobola,vegetable,vegan,,True,raw,100,250,84.65,3.55,1.68,0.37,4.83,3.55,1.28,4.91,168.0,40.0,0.05,0.03,0.71,0.35,0.12,5.35,41.24,17.96,,13.72,,,0.81,23.7,,121.0,3.9,81.74,0.61,301.0,4.05,45.28,1.59,0.14,0.39,0.107,0.03024,0.148,0.08474,0.0634,,,,1192.0,241.0,,,,,538.0,21.49,20.1,,IFCT 2017,2
61,D043,"Cucumber, green, elongate (Cucumis sativus)",Kheera (cucumber),Cucumis sativus,vegetable,vegan,,True,raw,100,250,92.96,0.71,0.54,0.16,2.14,1.52,0.63,3.48,82.0,20.0,0.02,0.01,0.35,0.45,0.06,2.82,16.84,6.11,,1.26,,,0.02,8.2,,16.39,0.46,20.38,0.17,183.0,6.33,28.34,0.17,0.04,0.08,0.06417,0.01057,0.06793,0.0593,0.00863,,,,171.0,5.33,,,,,2.22,,0.4,,IFCT 2017,3
62,D046,Drumstick (Moringa oleifera),Drumstick (sahjan),Moringa oleifera,vegetable,vegan,,True,raw,100,250,85.39,2.62,1.27,0.12,6.83,5.6,1.23,3.76,123.0,29.0,0.04,0.07,0.62,0.57,0.12,4.29,62.75,71.86,,1.67,,,0.31,358.0,,33.3,0.73,38.1,0.31,419.0,22.38,52.87,3.12,0.1,0.19,0.02905,0.0464,0.02721,0.01914,0.00807,,,,350.0,17.28,,,,,145.0,5.52,1.4,,IFCT 2017,2
63,D049,"French beans, country (Phaseolus vulgaris)",French beans (farasbi),Phaseolus vulgaris,vegetable,vegan,,True,raw,100,250,89.14,2.49,1.05,0.26,4.38,3.88,0.51,2.68,102.0,24.0,0.04,0.06,0.83,0.28,0.37,4.71,47.45,15.81,,1.82,,,0.07,15.12,,55.99,1.25,43.01,0.5,324.0,8.84,59.86,,0.11,0.44,0.07107,0.01113,0.127,0.05921,0.06819,,,,1501.0,413.0,3.57,,,,235.0,21.21,34.6,,IFCT 2017,2
64,D051,"Jack fruit, raw (Artocarpus heterophyllus)","Kathal, raw (jackfruit)",Artocarpus heterophyllus,vegetable,vegan,,True,raw,100,250,85.52,1.98,0.99,0.35,7.69,7.15,0.54,3.48,110.0,26.0,0.05,0.05,0.19,0.37,0.04,4.37,35.73,17.51,,6.84,,,0.05,22.3,,45.74,0.31,26.6,0.17,327.0,3.53,27.78,,0.24,0.36,0.04736,0.115,0.107,0.06867,0.03857,,,,17.66,,,,,,4.86,2.92,0.0,,IFCT 2017,1
65,D054,"Kovai, big (Coccinia cordifolia)",Tindora (kovai / ivy gourd),Coccinia cordifolia,vegetable,vegan,,True,raw,100,250,92.78,1.39,0.58,0.24,3.0,2.19,0.81,2.01,73.0,17.0,0.04,0.02,0.55,0.27,0.08,2.96,48.68,17.62,,6.25,,,0.72,19.15,,34.39,0.38,19.6,0.18,198.0,1.53,36.9,,0.06,0.16,0.06884,0.00435,0.0988199999999999,0.05907,0.03975,,,,498.0,134.0,,,,,170.0,5.74,11.2,,IFCT 2017,1
66,D056,Ladies finger (Abelmoschus esculentus),Bhindi (okra),Abelmoschus esculentus,vegetable,vegan,,True,raw,100,250,89.06,2.08,0.94,0.22,4.08,2.8,1.28,3.62,115.0,27.0,0.04,0.07,0.61,0.28,0.27,1.58,63.68,22.51,,7.46,,,0.5,21.52,,86.12,0.84,66.1,0.45,263.0,7.37,57.48,,0.13,0.3,0.06937,0.0081,0.109,0.07682,0.03238,,,,1223.0,69.1,,,,,798.0,3.53,5.8,,IFCT 2017,3
67,D058,"Onion, stalk (Allium cepa)",Spring onion,Allium cepa,vegetable,vegan,,False,raw,30,80,88.35,2.07,1.13,0.26,5.21,3.76,1.45,2.99,107.0,26.0,0.03,0.05,0.14,0.19,0.17,6.99,57.61,27.23,,6.81,,,0.81,44.33,,31.12,3.09,66.71,0.99,312.0,15.52,28.53,5.22,0.14,0.22,0.09208,0.00552,0.09898,0.05543,0.04355,,,,3488.0,700.0,,,,,575.0,2.43,58.3,,IFCT 2017,2
68,D060,Parwar (Trichosanthes dioica),Parwal (pointed gourd),Trichosanthes dioica,vegetable,vegan,,True,raw,100,250,91.57,1.4,0.59,0.3,2.61,1.82,0.79,3.54,101.0,24.0,0.05,0.05,0.67,0.25,0.2,9.86,19.96,19.24,,0.69,,,0.04,8.37,,30.76,0.5,24.59,0.23,117.0,2.29,33.81,2.32,0.09,0.13,0.09593,0.01319,0.112,0.09187,0.02035,,,,965.0,13.1,,,,,322.0,10.77,1.1,,IFCT 2017,1
69,D061,"Peas, fresh (Pisum sativum)",Green peas (matar),Pisum sativum,vegetable,vegan,,True,raw,100,250,73.37,7.25,1.05,0.13,6.32,5.04,1.28,11.88,340.0,81.0,0.27,0.03,1.28,0.68,0.19,4.04,54.77,38.4,,12.91,,,0.21,44.22,,28.24,1.58,40.11,1.09,249.0,3.66,55.95,1.63,0.22,0.46,0.01901,0.02875,0.05624,0.04675,0.00949,,,,1286.0,121.0,,,,,68.6,11.4,10.1,,IFCT 2017,3
70,D063,"Plantain, green (Musa x paradisiaca)",Raw banana (plantain),Musa x paradisiaca,vegetable,vegan,,True,raw,100,250,76.15,1.18,1.27,0.23,3.6,2.79,0.81,17.58,334.0,80.0,0.01,0.05,0.33,0.26,0.1,0.6,18.96,23.28,,0.27,,,0.08,17.42,,13.8,0.34,35.64,0.23,402.0,18.57,31.69,0.82,0.1,0.29,0.05713,0.01621,0.107,0.07289,0.03377,,,,224.0,3.01,,,,,28.9,3.45,0.3,,IFCT 2017,1
71,D066,"Pumpkin, orange, round (Cucurbita maxima)",Kaddu (pumpkin),Cucurbita maxima,vegetable,vegan,,True,raw,100,250,91.85,0.84,0.58,0.16,2.56,1.44,1.12,4.0,97.0,23.0,0.03,0.03,0.41,0.18,0.08,1.63,24.14,8.04,,1.4,,,0.6,83.7,,23.06,0.36,10.43,0.11,253.0,8.81,22.18,0.37,0.06,0.07,0.04458,0.0220199999999999,0.06273,0.03617,0.02657,,,,1449.0,149.0,90.74,,,,161.0,34.91,16.2,,IFCT 2017,2
72,D068,Ridge gourd (Luffa acutangula),Turai (ridge gourd),Luffa acutangula,vegetable,vegan,,True,raw,100,250,94.99,0.91,0.44,0.14,1.81,1.2,0.61,1.72,55.0,13.0,0.02,0.01,0.2,0.28,0.07,2.27,29.26,5.42,,0.37,,,0.02,11.23,,13.7,0.42,16.15,0.22,118.0,4.71,33.06,0.59,0.1,0.11,0.05449,0.00257,0.05508,0.02866,0.02642,,,,838.0,348.0,,,,,129.0,19.5,29.0,,IFCT 2017,2
73,D070,"Snake gourd, long, pale green (Trichosanthes anguina)",Chichinda (snake gourd),Trichosanthes anguina,vegetable,vegan,,True,raw,100,250,94.81,0.98,0.42,0.25,2.27,1.69,0.58,1.27,52.0,12.0,0.03,0.03,0.34,0.27,0.1,2.5,18.34,2.72,,2.67,,,0.01,8.35,,24.6,0.32,18.7,0.14,100.0,7.07,23.27,,0.09,0.14,0.0949,0.0048899999999999,0.09754,0.04296,0.05459,,,,190.0,61.29,,,,,38.9,3.67,5.1,,IFCT 2017,1
74,D073,"Tinda, tender (Praecitrullus fistulosus)",Tinda,Praecitrullus fistulosus,vegetable,vegan,,True,raw,100,250,94.41,1.02,0.51,0.17,2.0,1.68,0.32,1.9,58.0,14.0,0.02,0.03,0.56,0.39,0.06,3.26,43.23,14.2,,2.76,,,0.05,2.73,,19.68,0.41,18.96,0.2,56.18,20.61,30.37,0.22,0.08,0.1,0.04897,0.00628,0.07611,0.04646,0.03039,,,,49.81,7.96,,,,,8.19,2.22,0.7,,IFCT 2017,1
75,D075,"Tomato, ripe, hybrid (Lycopersicon esculentum)",Tomato,Lycopersicon esculentum,vegetable,vegan,,True,raw,100,250,93.79,0.76,0.43,0.25,1.58,1.27,0.3,3.2,79.0,19.0,0.04,0.02,0.51,0.18,0.08,1.09,15.41,25.27,,11.83,,,0.22,24.12,,8.9,0.22,11.86,0.11,167.0,11.86,15.45,,0.04,0.09,0.04765,0.0305,0.119,0.104,0.0147,,,,5826.0,1513.0,,,7.32,2481.0,1568.0,10.96,126.4,,IFCT 2017,3
76,E001,"Apple, big (Malus domestica)",Apple,Malus domestica,fruit,vegan,,True,raw,100,250,83.01,0.29,0.36,0.64,2.59,1.43,1.16,13.11,261.0,62.0,0.03,0.01,0.25,0.09,0.04,0.34,3.04,3.57,,1.46,,,0.15,3.65,,13.68,0.26,8.09,0.09,116.0,1.43,10.44,0.47,0.04,0.05,0.154,0.05113,0.282,0.249,0.03263,,,,229.0,2.41,,,,,36.4,1.9,0.2,,IFCT 2017,3
77,E005,"Apricot, dried (Prunus armeniaca)","Apricot, dried (khubani)",Prunus armeniaca,fruit,vegan,,True,raw,20,40,16.68,3.17,3.46,0.74,3.32,2.72,0.6,72.63,1321.0,316.0,0.04,0.04,1.66,0.62,0.1,1.47,10.5,0.42,,3.98,,,0.11,5.17,,28.57,2.5,14.04,0.41,285.0,3.94,72.02,2.05,0.43,0.31,0.2,0.118,0.286,0.206,0.07991,,,,4313.0,1806.0,,,,,4.98,2.33,150.5,,IFCT 2017,1
78,E009,"Banana, ripe, montham (Musa x paradisiaca)",Banana (montham),Musa x paradisiaca,fruit,vegan,,True,raw,100,250,70.13,1.25,1.15,0.32,2.21,1.43,0.78,24.95,463.0,111.0,0.01,0.04,0.48,0.35,0.51,1.54,17.93,8.06,,0.2,,,0.09,2.2,,6.77,0.4,30.22,0.15,362.0,1.25,20.85,,0.12,0.36,0.11,0.01438,0.132,0.06833,0.06324,,,,260.0,53.06,3.57,,,,47.32,1.9,4.6,,IFCT 2017,2
79,E010,"Banana, ripe, poovam (Musa x paradisiaca)",Banana (yelakki / poovan),Musa x paradisiaca,fruit,vegan,,True,raw,100,250,71.32,1.49,1.09,0.35,2.33,1.29,1.04,23.41,445.0,106.0,0.01,0.03,0.43,0.4,0.5,1.79,19.95,6.74,,0.24,,,0.08,2.6,,8.73,0.35,43.79,0.17,335.0,1.0,33.63,,0.1,0.3,0.113,0.03229,0.135,0.0655,0.06967,,,,252.0,57.33,1.71,,,,34.67,2.75,4.8,,IFCT 2017,2
80,E012,"Banana, ripe, robusta (Musa x paradisiaca)",Banana (robusta),Musa x paradisiaca,fruit,vegan,,True,raw,100,250,71.93,1.23,0.94,0.33,1.94,1.23,0.71,23.63,440.0,105.0,0.01,0.03,0.47,0.36,0.44,1.69,16.81,4.76,,0.22,,,0.09,2.8,,5.07,0.28,34.98,0.14,306.0,0.85,24.32,,0.13,0.36,0.114,0.02089,0.127,0.0535,0.0734399999999999,,,,314.0,56.78,3.57,,,,26.9,2.33,4.9,,IFCT 2017,3
81,E016,Custard apple (Annona squamosa),Sitaphal (custard apple),Annona squamosa,fruit,vegan,,True,raw,100,250,71.55,1.62,0.68,0.67,5.1,3.17,1.93,20.38,414.0,99.0,0.13,0.09,0.69,0.19,0.07,0.76,7.6,21.51,,0.18,,,0.19,58.0,,28.2,0.42,38.47,0.22,278.0,3.11,40.81,,0.19,0.15,0.138,0.03974,0.132,0.07856,0.05347,,,,142.0,,,,,,12.45,1.8,0.0,,IFCT 2017,1
82,E017,"Dates, dry, pale brown (Phoenix dactylifera)","Dates, dry (khajoor)",Phoenix dactylifera,fruit,vegan,,True,raw,30,60,11.14,2.45,2.2,0.35,8.95,7.53,1.42,74.91,1340.0,320.0,0.03,0.03,1.47,0.51,0.14,0.82,18.65,4.42,,2.6,,,0.03,3.34,,71.2,3.2,73.79,0.7,804.0,3.27,73.02,0.78,0.36,0.82,0.09703,0.03043,0.159,0.14,0.0194899999999999,,,,3483.0,2700.0,,,,,281.0,8.95,225.0,,IFCT 2017,1
83,E020,Fig (Ficus carica),Anjeer (fig),Ficus carica,fruit,vegan,,True,raw,100,250,75.6,2.03,1.08,0.37,4.64,2.59,2.05,16.28,341.0,82.0,0.04,0.02,0.27,0.26,0.15,2.64,13.67,16.92,,1.47,,,0.54,5.75,,78.52,0.69,26.18,0.22,231.0,2.37,21.62,,0.19,0.07,0.0894399999999999,0.04138,0.09709,0.05057,0.04652,,,,454.0,2.4,,,,,19.0,2.01,0.2,,IFCT 2017,1
84,E021,Goosberry (Emblica officinalis),Amla (gooseberry),Emblica officinalis,fruit,vegan,,True,raw,100,250,87.02,0.34,0.34,0.16,7.75,6.2,1.55,4.39,99.0,24.0,0.01,0.03,0.12,0.35,0.27,1.42,7.86,252.0,,0.27,,,0.12,1.64,,20.14,1.25,6.5,0.05,223.0,1.37,21.85,,0.12,0.11,0.03848,0.02393,0.07524,0.0474099999999999,0.0278299999999999,,,,62.01,1.58,,,,,38.7,2.86,0.1,,IFCT 2017,2
85,E026,"Grapes, seedless, round, green (Vitis vinifera)","Grapes, green seedless",Vitis vinifera,fruit,vegan,,True,raw,100,250,85.55,0.62,0.47,0.26,1.28,0.85,0.44,11.81,224.0,54.0,0.04,0.03,0.12,0.1,0.08,1.2,8.31,16.47,,3.54,,,0.08,7.15,,14.22,0.24,8.43,0.05,168.0,1.81,20.27,,0.23,0.07,0.0871099999999999,0.00933,0.113,0.0807,0.0321199999999999,,,,216.0,25.46,,,,,25.8,6.82,2.1,,IFCT 2017,2
86,E028,"Guava, white flesh (Psidium guajava)","Guava, white",Psidium guajava,fruit,vegan,,True,raw,100,250,83.79,1.44,0.72,0.32,8.59,7.14,1.45,5.13,135.0,32.0,0.05,0.04,0.6,0.25,0.11,0.74,29.76,214.0,,1.68,,,0.09,3.68,,18.52,0.32,15.26,0.23,283.0,2.87,23.54,1.84,0.16,0.22,0.0493,0.03572,0.176,0.165,0.01108,,,,996.0,298.0,,,,,19.7,5.92,24.8,,IFCT 2017,3
87,E029,"Guava, pink flesh (Psidium guajava)","Guava, pink",Psidium guajava,fruit,vegan,,True,raw,100,250,81.22,1.19,0.81,0.25,7.39,6.12,1.28,9.14,195.0,47.0,0.03,0.03,0.59,0.2,0.16,1.25,32.17,222.0,,0.93,,,0.11,5.35,,14.22,0.4,13.26,0.21,270.0,1.89,29.93,2.1,0.17,0.16,0.02718,0.01397,0.09165,0.08436,0.00729,,,,4078.0,267.0,,,,2843.0,90.3,8.94,22.2,,IFCT 2017,3
88,E030,"Jack fruit, ripe (Artocarpus heterophyllus)","Kathal, ripe (jackfruit)",Artocarpus heterophyllus,fruit,vegan,,True,raw,100,250,78.56,2.74,0.91,0.15,3.62,2.21,1.41,14.01,302.0,72.0,0.05,0.01,0.42,0.16,0.22,4.0,32.15,6.73,,7.49,,,0.07,37.0,,35.03,0.36,31.84,0.17,279.0,1.62,23.02,,0.19,0.35,0.03766,0.04427,0.03807,0.0226299999999999,0.0154399999999999,,,,59.61,23.53,,,,,19.3,2.42,2.0,,IFCT 2017,1
89,E031,"Jambu fruit, ripe (Syzygium cumini)",Jamun,Syzygium cumini,fruit,vegan,,True,raw,100,250,83.33,0.82,0.31,0.17,3.07,2.4,0.67,12.3,235.0,56.0,0.02,0.02,0.14,0.31,0.03,2.57,7.63,16.47,,0.82,,,0.04,7.94,,25.36,0.33,27.97,0.06,103.0,2.64,9.6,,0.02,0.04,0.06649,0.02073,0.04877,0.0424,0.00637,,,,66.5,1.55,,,,,18.49,5.68,0.1,,IFCT 2017,1
90,E033,"Lemon, juice (Citrus limon)",Nimbu juice (lemon),Citrus limon,fruit,vegan,,True,raw,15,30,91.59,0.41,0.28,0.75,0.0,0.0,0.0,6.97,153.0,37.0,0.04,0.01,0.1,0.12,0.03,1.92,12.43,48.16,,0.39,,,0.06,1.8,,22.68,0.12,8.9,0.08,113.0,1.21,9.86,,0.03,0.02,0.202,0.0474,0.353,0.27,0.08353,,,,85.99,2.62,,,,,9.68,1.72,0.2,,IFCT 2017,3
91,E034,"Lime, sweet,pulp (Citrus limetta)",Mosambi (sweet lime),Citrus limetta,fruit,vegan,,True,raw,100,250,91.32,0.76,0.47,0.2,2.07,1.33,0.74,5.18,114.0,27.0,0.06,0.01,0.17,0.25,0.05,2.23,15.38,46.96,,0.3,,,0.07,2.2,,25.79,0.11,15.4,0.05,182.0,1.17,20.55,0.72,0.03,0.04,0.0764,0.03518,0.08441,0.06781,0.0166,,,,85.13,2.54,,,,,13.2,1.89,0.2,,IFCT 2017,2
92,E035,Litchi (Nephelium litchi),Litchi,Nephelium litchi,fruit,vegan,,True,raw,100,250,85.56,0.99,0.44,0.26,1.34,0.81,0.53,11.41,225.0,54.0,0.02,0.06,0.23,0.19,0.07,2.8,15.69,33.82,,0.33,,,0.06,7.81,,5.77,0.79,14.58,0.24,161.0,0.54,23.32,0.46,0.11,0.04,0.09148,0.04563,0.07889,0.05198,0.02691,,,,129.0,1.47,,,,,27.33,1.61,0.1,,IFCT 2017,1
93,E036,"Mango, ripe, banganapalli (Mangifera indica)",Mango (banganapalli),Mangifera indica,fruit,vegan,,True,raw,100,250,88.44,0.54,0.42,0.55,1.88,1.01,0.87,8.18,175.0,42.0,0.03,0.04,0.26,0.12,0.12,1.6,82.05,32.97,,3.71,,,0.28,4.77,,15.77,0.51,13.35,0.12,144.0,1.34,11.07,1.91,0.1,0.22,0.17,0.134,0.132,0.0307199999999999,0.101,,,,1424.0,1168.0,,2.72,,,3.19,1.62,97.4,,IFCT 2017,2
94,E039,"Mango, ripe, kesar (Mangifera indica)",Mango (kesar),Mangifera indica,fruit,vegan,,True,raw,100,250,85.07,0.54,0.44,0.57,2.02,1.09,0.93,11.36,231.0,55.0,0.03,0.04,0.26,0.11,0.1,1.67,90.43,29.08,,3.68,,,0.26,4.75,,15.74,0.43,12.53,0.1,143.0,1.43,12.36,1.85,0.07,0.22,0.172,0.169,0.115,0.02429,0.09087,,,,1438.0,1264.0,,6.96,,,3.71,2.33,105.6,,IFCT 2017,3
95,E045,"Musk melon, orange flesh (Cucumis melon)",Kharbuja (muskmelon),Cucumis melon,fruit,vegan,,True,raw,100,250,92.97,0.42,0.52,0.35,1.51,0.84,0.67,4.24,97.0,23.0,0.01,0.01,0.41,0.13,0.05,0.75,22.31,22.76,,4.41,,,0.01,5.7,,9.8,0.18,11.62,0.09,206.0,14.94,17.28,0.88,0.03,0.04,0.09294,0.02518,0.159,0.09734,0.0613299999999999,,,,925.0,771.0,,,,,20.17,2.52,64.2,,IFCT 2017,2
96,E047,"Orange, pulp (Citrus aurantium)",Orange,Citrus aurantium,fruit,vegan,,True,raw,100,250,89.61,0.7,0.36,0.13,1.29,0.73,0.56,7.92,156.0,37.0,0.07,0.02,0.28,0.2,0.04,2.88,19.46,42.72,,0.34,,,0.04,2.5,,19.52,0.81,11.05,0.04,164.0,1.47,12.9,0.19,0.03,0.02,0.03711,0.01926,0.04763,0.03652,0.01111,,,,675.0,31.94,5.76,44.02,,,13.8,31.88,4.7,,IFCT 2017,3
97,E049,"Papaya, ripe (Carcia papaya)",Papita (papaya),Carcia papaya,fruit,vegan,,True,raw,100,250,91.47,0.42,0.51,0.16,2.83,1.75,1.08,4.61,100.0,24.0,0.03,0.11,0.33,0.44,0.04,3.05,60.9,43.09,,11.47,,,0.04,2.59,,15.02,0.23,10.97,0.08,173.0,6.68,17.73,12.78,0.04,0.03,0.05608,0.02635,0.04824,0.01033,0.03791,,,,2472.0,694.0,,648.0,,833.0,5.43,280.0,84.8,,IFCT 2017,3
98,E051,Pear (Pyrus sp.),Pear (nashpati),Pyrus sp.,fruit,vegan,,True,raw,100,250,86.49,0.36,0.32,0.27,4.48,4.02,0.46,8.09,157.0,38.0,0.02,0.02,0.13,0.05,0.09,1.41,5.28,3.31,,1.48,,,0.3,12.57,,6.55,0.28,7.61,0.07,106.0,1.64,6.74,,0.08,0.08,0.07594,0.02426,0.101,0.08454,0.0165799999999999,,,,92.3,13.16,,1.44,,,14.7,2.77,1.2,,IFCT 2017,1
99,E053,Pineapple (Ananas comosus),Pineapple,Ananas comosus,fruit,vegan,,True,raw,100,250,86.06,0.52,0.38,0.16,3.46,2.88,0.59,9.42,180.0,43.0,0.05,0.03,0.12,0.13,0.13,1.05,18.21,36.37,,0.21,,,0.45,2.4,,10.88,0.28,12.68,0.1,143.0,1.43,13.56,0.08,0.07,1.28,0.05109,0.0311499999999999,0.04776,0.01775,0.03,,,,86.31,31.21,,,,,8.11,1.8,2.6,,IFCT 2017,2
100,E054,Plum (Prunus domestica),Plum (aloo bukhara),Prunus domestica,fruit,vegan,,True,raw,100,250,84.44,0.64,0.35,0.4,2.07,1.23,0.84,12.1,238.0,57.0,0.02,0.02,0.44,0.16,0.05,0.3,14.29,2.26,,3.32,,,0.5,8.5,,7.61,0.25,7.79,0.1,162.0,1.55,13.83,0.56,0.41,0.06,0.02005,0.17,0.05908,0.05908,,,,,430.0,1.32,,,,,5.67,2.39,0.1,,IFCT 2017,1
101,E055,"Pomegranate, maroon seeds (Punica granatum)",Anar (pomegranate),Punica granatum,fruit,vegan,,True,raw,100,250,83.55,1.33,0.57,0.15,2.83,2.26,0.57,11.58,229.0,55.0,0.06,0.01,0.2,0.42,0.29,0.6,38.64,12.69,,109.0,,,0.03,18.5,,10.65,0.31,11.07,0.18,206.0,2.13,27.2,0.55,0.13,0.13,0.0425,0.0385099999999999,0.04099,0.0391599999999999,0.00182,,,,47.28,2.05,,,,,27.8,2.51,0.2,,IFCT 2017,3
102,E057,"Raisins, dried, black (Vitis vinifera)",Kishmish (black raisins),Vitis vinifera,fruit,vegan,,True,raw,20,40,19.69,2.57,2.19,0.34,3.92,2.55,1.37,71.29,1279.0,306.0,0.09,0.04,0.48,0.21,0.17,0.73,38.3,2.05,,1.76,,,0.02,1.63,,73.24,6.81,33.76,0.22,1105.0,10.99,77.62,1.86,0.47,0.52,0.06247,0.04653,0.159,0.147,0.01191,,,,207.0,3.71,,,,,9.13,2.18,0.3,,IFCT 2017,2
103,E060,Sapota (Achras sapota),Chikoo (sapota),Achras sapota,fruit,vegan,,True,raw,100,250,73.64,0.92,0.68,1.26,9.6,8.46,1.14,13.9,307.0,73.0,0.01,0.03,0.24,0.24,0.12,1.48,10.83,20.96,,0.65,,,0.25,4.3,,17.87,0.49,16.19,0.18,280.0,4.61,22.26,0.39,0.07,0.08,0.389,0.255,0.358,0.233,0.125,,,,229.0,80.7,,,,,22.6,2.09,6.7,,IFCT 2017,2
104,E063,Strawberry (Fragaria ananassa),Strawberry,Fragaria ananassa,fruit,vegan,,True,raw,100,250,92.03,0.97,0.54,0.56,2.5,1.51,0.99,3.4,103.0,25.0,0.06,0.01,0.48,0.18,0.09,0.07,8.91,50.2,,3.95,,,0.26,19.81,,15.28,0.36,15.53,0.14,140.0,1.19,26.31,0.3,0.07,0.43,0.0662099999999999,0.07787,0.291,0.179,0.112,,,,218.0,2.19,,,,,19.3,1.45,0.2,,IFCT 2017,1
105,E064,"Tamarind, pulp (Tamarindus indicus)",Imli (tamarind pulp),Tamarindus indicus,fruit,vegan,,True,raw,10,20,20.83,2.92,3.44,0.15,5.31,3.73,1.58,67.35,1207.0,288.0,0.34,0.07,1.56,0.17,0.08,0.66,9.79,3.62,,25.65,,,0.1,1.67,,149.0,9.16,82.73,0.58,836.0,24.92,113.0,2.05,0.5,0.52,0.02726,0.03489,0.01785,0.00499,0.01286,,,,188.0,1.54,,,,,28.4,11.61,0.1,,IFCT 2017,1
106,E065,"Water melon, dark green (sugar baby) (Citrullus vulgaris)",Tarbooz (watermelon),Citrullus vulgaris,fruit,vegan,,True,raw,100,250,94.54,0.6,0.13,0.16,0.7,0.35,0.34,3.86,85.0,20.0,0.02,0.02,0.28,0.19,0.1,0.59,5.88,13.26,,0.56,,,0.04,2.1,,5.29,0.22,9.91,0.1,124.0,1.89,11.33,,0.04,0.04,0.0397,0.02484,0.0674599999999999,0.0519,0.01555,,,,4176.0,605.0,,,,1477.0,914.0,25.95,50.4,,IFCT 2017,2
107,F001,Beet root (Beta vulgaris),Chukandar (beetroot),Beta vulgaris,root_tuber,vegan,,False,raw,100,200,86.95,1.95,1.46,0.14,3.31,2.6,0.71,6.18,149.0,36.0,0.01,0.01,0.21,0.26,0.07,2.56,97.37,5.26,,0.18,,,0.09,2.98,,17.28,0.76,33.21,0.3,306.0,69.44,36.33,0.25,0.12,0.57,0.03117,0.02196,0.0642099999999999,0.0572299999999999,0.00698,,,,12.88,10.14,,,,,28.6,4.57,0.8,,IFCT 2017,3
108,F002,"Carrot, orange (Dacus carota)","Gajar (carrot, orange)",Dacus carota,root_tuber,vegan,,False,raw,100,200,87.69,0.95,1.16,0.47,4.18,2.81,1.37,5.55,139.0,33.0,0.04,0.03,0.22,0.3,0.11,1.5,24.04,6.22,,1.36,,,0.21,18.35,,35.09,0.6,16.73,0.25,273.0,52.33,43.06,0.22,0.08,0.23,0.08771,0.02101,0.266,0.241,0.02438,,,,9377.0,5423.0,2654.0,,,157.0,257.0,13.93,562.5,,IFCT 2017,3
109,F003,"Carrot, red (Dacus carota)","Gajar (carrot, red)",Dacus carota,root_tuber,vegan,,False,raw,100,200,86.07,1.04,1.22,0.47,4.49,3.09,1.4,6.71,160.0,38.0,0.04,0.03,0.25,0.27,0.07,1.3,23.67,6.76,,1.39,,,0.22,18.75,,41.06,0.71,18.83,0.34,267.0,60.69,25.81,0.29,0.1,0.2,0.08891,0.0182699999999999,0.27,0.246,0.0241,,,,7570.0,2706.0,1128.0,,,871.0,224.0,15.49,272.5,,IFCT 2017,2
110,F004,Colocasia (Colocasia antiquorum),Arbi (colocasia),Colocasia antiquorum,root_tuber,vegan,,False,raw,100,200,73.49,3.31,1.95,0.17,3.22,2.54,0.68,17.85,372.0,89.0,0.06,0.03,0.51,0.12,0.17,3.69,19.91,1.83,,0.27,,,0.33,3.15,,30.18,0.66,36.93,0.41,514.0,4.54,81.16,0.3,0.3,0.47,0.04184,0.02292,0.0774099999999999,0.06901,0.0084,,,,21.72,6.5,,,,,5.87,2.07,0.5,,IFCT 2017,2
111,F006,"Potato, brown skin, big (Solanum tuberosum)",Aloo (potato),Solanum tuberosum,root_tuber,vegan,,False,raw,100,200,80.72,1.54,0.92,0.23,1.71,1.13,0.58,14.89,292.0,70.0,0.06,0.01,1.04,0.38,0.1,1.35,15.51,23.15,,0.19,,,0.06,2.12,,9.52,0.57,24.07,0.28,541.0,4.11,43.42,0.75,0.09,0.14,0.04356,0.01382,0.129,0.09745,0.03184,,,,208.0,,,,,,8.07,122.0,0.0,,IFCT 2017,3
112,F010,"Radish, elongate, white skin (Raphanus sativus)",Mooli (radish),Raphanus sativus,root_tuber,vegan,,False,raw,100,200,89.05,0.77,0.82,0.15,2.65,1.98,0.67,6.56,135.0,32.0,0.02,0.02,0.3,0.15,0.07,2.48,29.75,19.91,,0.05,,,0.01,2.5,,30.2,0.36,16.07,0.22,288.0,28.2,30.1,0.1,0.03,0.1,0.04388,0.00914,0.05364,0.02164,0.032,,,,10.6,,,,,,5.34,2.08,0.0,,IFCT 2017,2
113,F013,"Sweet potato, brown skin (Ipomoes batatas)",Shakarkandi (sweet potato),Ipomoes batatas,root_tuber,vegan,,False,raw,100,200,69.21,1.33,0.96,0.26,3.99,2.57,1.43,24.25,456.0,109.0,0.07,0.04,0.67,0.89,0.12,5.19,15.62,17.94,,1.26,,,0.01,3.0,,27.5,0.35,17.37,0.16,345.0,29.6,42.96,,0.17,0.28,0.0660999999999999,0.0040999999999999,0.116,0.09629,0.01952,,,,8653.0,5376.0,,,,,282.0,146.0,448.0,,IFCT 2017,2
114,F015,Tapioca (Manihot esculenta),Sabudana root / tapioca (kappa),Manihot esculenta,root_tuber,vegan,,False,raw,100,200,75.23,1.03,1.12,0.2,4.61,3.85,0.76,17.81,334.0,80.0,0.07,0.02,0.45,0.17,0.09,1.93,25.64,15.51,,0.13,,,0.19,2.8,,25.89,0.81,23.08,0.17,255.0,10.86,42.55,0.07,0.19,0.2,0.0595,0.0092,0.09129,0.07847,0.01283,,,,60.9,,,,,,5.93,2.38,0.0,,IFCT 2017,1
115,F016,Water Chestnut (Eleocharis dulcis),Singhara (water chestnut),Eleocharis dulcis,root_tuber,vegan,,False,raw,100,200,73.34,0.86,0.95,0.37,3.02,2.15,0.87,21.46,400.0,96.0,0.02,0.02,0.74,0.52,0.13,1.08,9.8,5.26,,1.2,,,0.09,3.5,,37.15,0.77,57.43,0.67,382.0,13.08,62.83,2.43,0.19,0.57,0.08742,0.105,0.104,0.09781,0.00616,,,,93.08,,,,,,8.12,2.5,0.0,,IFCT 2017,1
116,F017,"Yam, elephant (Amorphophallus campanulatus)",Suran / jimikand (elephant yam),Amorphophallus campanulatus,root_tuber,vegan,,False,raw,100,200,74.39,2.56,1.29,0.14,4.17,3.25,0.92,17.46,353.0,84.0,0.04,0.05,0.61,0.23,0.22,4.51,20.54,15.22,,1.3,,,0.34,4.8,,46.91,1.22,33.51,0.26,501.0,14.33,43.06,0.59,0.17,0.28,0.03572,0.00675,0.07352,0.05708,0.01644,,,,599.0,176.0,32.32,,,,168.0,10.43,16.0,,IFCT 2017,1
117,G008,"Chillies, green - all varieties (Capsicum annum)",Hari mirch (green chilli),Capsicum annum,condiment,vegan,,True,raw,10,20,85.39,2.36,0.91,0.72,4.77,3.41,1.37,5.86,177.0,42.0,0.09,0.11,0.89,0.22,0.28,0.63,21.5,94.07,,3.11,,,0.27,19.18,,18.45,1.2,29.51,0.27,341.0,2.5,50.91,,0.15,0.28,0.129,0.0322,0.413,0.37,0.04314,,,,1347.0,125.0,,,,,261.0,31.47,10.4,,IFCT 2017,3
118,G009,Coriander leaves (Coriandrum sativum),Dhaniya patta (coriander leaves),Coriandrum sativum,condiment,vegan,,True,raw,20,40,86.99,3.52,2.19,0.7,4.66,3.24,1.42,1.93,130.0,31.0,0.09,0.05,0.73,0.63,0.19,4.17,51.01,23.87,,3.55,,,0.46,274.0,,146.0,5.3,72.68,0.68,546.0,37.0,64.69,0.45,0.24,0.96,0.228,0.00906,0.32,0.151,0.169,,,,13808.0,3808.0,,,,,6351.0,28.3,317.3,,IFCT 2017,3
119,G010,Curry leaves (Murraya koenigii),Curry leaves (kadi patta),Murraya koenigii,condiment,vegan,,True,raw,5,10,65.33,7.41,4.86,1.06,16.83,13.81,3.02,4.51,266.0,64.0,0.07,0.13,0.85,0.51,0.57,1.77,117.0,6.04,,117.0,,,1.82,275.0,,659.0,8.67,182.0,1.18,584.0,18.66,83.29,17.25,0.46,1.23,0.267,0.04457,0.569,0.152,0.417,,,,21862.0,7663.0,144.0,,,,2945.0,36.13,644.6,,IFCT 2017,2
120,G011,"Garlic, big clove (Allium sativum)",Lehsun (garlic),Allium sativum,condiment,vegan,,False,raw,5,15,64.38,6.92,1.4,0.16,5.22,2.56,2.66,21.93,518.0,124.0,0.2,0.25,0.38,1.57,0.56,2.55,85.77,12.62,,1.88,,,0.07,2.8,,20.08,1.05,27.08,0.89,430.0,9.42,119.0,,0.19,0.34,0.03352,0.01424,0.0669,0.06062,0.00628,,,,33.91,,,,,,4.02,1.55,0.0,,IFCT 2017,3
121,G014,"Ginger, fresh (Zinziber officinale)",Adrak (ginger),Zinziber officinale,condiment,vegan,,False,raw,10,20,81.27,2.22,1.33,0.85,5.36,4.28,1.08,8.97,230.0,55.0,0.04,0.04,0.42,0.24,0.2,1.07,10.82,5.43,,4.09,,,0.32,25.55,,18.88,1.9,54.66,0.39,407.0,10.03,44.36,,0.13,3.85,0.231,0.06797,0.381,0.302,0.0789899999999999,,,,329.0,88.85,,,,,15.0,5.97,7.4,,IFCT 2017,3
122,G016,Mint leaves (Mentha spicata ),Pudina (mint),Mentha spicata ,condiment,vegan,,True,raw,10,20,84.24,4.66,2.18,0.65,5.89,4.49,1.4,2.39,155.0,37.0,0.02,0.19,0.74,0.34,0.17,2.21,106.0,17.16,,3.37,,,0.46,164.0,,205.0,8.56,110.0,0.75,539.0,16.87,65.25,10.79,0.37,1.06,0.125,0.01323,0.352,0.06509,0.286,,,,18693.0,4602.0,,,,,2526.0,300.0,383.5,,IFCT 2017,2
123,G017,"Onion, big (Allium cepa)","Pyaz (onion, big)",Allium cepa,condiment,vegan,,False,raw,50,150,85.76,1.5,0.5,0.24,2.45,1.92,0.53,9.56,201.0,48.0,0.04,0.01,0.34,0.3,0.1,2.61,28.88,6.69,,0.73,,,0.05,4.5,,21.03,0.43,17.96,0.35,171.0,5.5,32.34,0.35,0.11,0.24,0.06081,0.03936,0.107,0.1,0.00663,,,,89.1,1.08,,,,,1.77,1.81,0.1,,IFCT 2017,3
124,G018,"Onion, small (Allium cepa)",Sambar onion (small),Allium cepa,condiment,vegan,,False,raw,30,100,84.67,1.82,0.61,0.16,1.16,0.7,0.46,11.58,237.0,57.0,0.07,0.02,0.21,0.14,0.12,2.69,29.68,10.96,,0.12,,,0.06,5.3,,19.92,0.53,15.16,0.24,160.0,4.06,39.65,1.02,0.07,0.11,0.04101,0.01583,0.07116,0.0665999999999999,0.00455,,,,31.04,1.1,,,,,15.3,1.69,0.1,,IFCT 2017,2
125,H001,Almond (Prunus amygdalus),Badam (almond),Prunus amygdalus,nut_seed,vegan,tree_nut,True,raw,20,50,4.37,18.41,2.62,58.49,13.06,10.55,2.52,3.04,2549.0,609.0,0.15,0.26,3.71,0.73,0.09,2.39,36.46,0.74,,1.61,,,25.86,8.4,,228.0,4.59,318.0,3.5,699.0,1.5,446.0,3.61,1.08,2.54,4.358,38.336,13.215,13.183,0.03204,,,,11.31,,,,,,5.93,1.79,0.0,,IFCT 2017,3
126,H005,Cashew nut (Anacardium occidentale),Kaju (cashew),Anacardium occidentale,nut_seed,vegan,tree_nut,True,raw,20,50,4.44,18.78,2.25,45.2,3.86,2.23,1.63,25.46,2438.0,583.0,0.61,0.03,1.03,1.4,0.16,2.58,25.2,,,3.85,,,1.05,1.83,,34.0,5.95,307.0,5.34,635.0,9.0,500.0,13.08,2.23,1.78,7.816,27.907,7.482,7.427,0.05504,,,,16.94,,,,,,5.87,3.21,0.0,,IFCT 2017,2
127,H006,"Coconut, kernal, dry (Cocos nucifera)",Copra (dry coconut),Cocos nucifera,nut_seed,vegan,coconut,True,raw,15,30,3.97,7.27,1.61,63.26,15.88,14.55,1.33,8.01,2611.0,624.0,0.04,0.04,0.71,0.21,0.15,1.01,24.27,,,,,,6.06,2.88,,32.0,3.13,97.21,1.41,739.0,16.68,203.0,25.25,0.9,1.61,43.138,3.71,0.929,0.929,,,,,176.0,,,,,,62.5,3.12,0.0,,IFCT 2017,1
128,H007,"Coconut, kernel, fresh (Cocos nucifera)",Nariyal (fresh coconut),Cocos nucifera,nut_seed,vegan,coconut,True,raw,30,60,36.14,3.84,1.93,41.38,10.42,9.43,0.99,6.3,1711.0,409.0,0.03,0.08,0.3,0.21,0.1,0.63,25.41,0.8,,,,,2.72,23.22,,8.0,1.3,35.0,0.58,246.0,8.12,67.73,,0.36,0.74,28.048,2.449,0.639,0.639,,,,,204.0,2.66,,,,,122.0,4.84,0.2,,IFCT 2017,2
129,H009,"Gingelly seeds, black (Sesamum indicum)","Til, black (sesame)",Sesamum indicum,nut_seed,vegan,sesame,True,raw,10,20,4.51,19.17,5.78,43.1,17.16,13.57,3.59,10.29,2124.0,508.0,0.34,0.1,3.12,0.49,0.64,3.06,127.0,,,67.83,,,0.09,110.0,,1664.0,13.9,390.0,8.59,480.0,15.91,568.0,15.7,1.76,2.53,6.317,15.605,19.259,19.123,0.136,,,,60.78,13.09,,,,,22.9,2.67,1.1,,IFCT 2017,2
130,H011,"Gingelly seeds, white (Sesamum indicum)","Til, white (sesame)",Sesamum indicum,nut_seed,vegan,sesame,True,raw,10,20,3.3,21.7,4.13,43.05,16.99,13.49,3.51,10.83,2174.0,520.0,0.36,0.07,3.94,0.48,0.62,3.46,131.0,,,62.74,,,1.26,106.0,,1283.0,15.04,372.0,7.77,460.0,15.43,754.0,26.74,1.5,1.74,6.43,16.124,18.597,18.477,0.12,,,,57.06,12.94,,,,,19.7,1.88,1.1,,IFCT 2017,2
131,H012,Ground nut (Arachis hypogea),Moongphali (groundnut / peanut),Arachis hypogea,nut_seed,vegan,peanut,True,raw,30,60,6.97,23.65,2.11,39.63,10.38,8.58,1.79,17.27,2176.0,520.0,0.57,0.12,11.35,1.01,0.23,1.61,90.87,,,7.1,,,0.28,2.5,,54.0,3.44,197.0,3.18,679.0,12.21,391.0,3.41,0.92,1.62,8.144,18.337,11.584,11.584,0.0,,,,82.8,22.75,,,,,4.42,8.07,1.9,,IFCT 2017,3
132,H014,Linseeds (Linum usitatissimum),Alsi (flaxseed),Linum usitatissimum,nut_seed,vegan,,True,raw,10,25,5.48,18.55,3.15,35.67,26.17,21.83,4.33,10.99,1857.0,444.0,0.28,0.05,1.09,0.37,0.35,21.25,86.5,,,0.55,,,8.28,19.17,,257.0,5.44,349.0,4.86,655.0,32.93,445.0,46.87,1.34,2.14,2.968,5.112,16.147,3.191,12.956,,,,92.0,1.05,,,,,5.67,7.22,0.1,,IFCT 2017,1
133,H018,Pistachio nuts (Pistacla vera),Pista (pistachio),Pistacla vera,nut_seed,vegan,tree_nut,True,raw,20,50,4.68,23.35,3.02,42.49,10.64,8.23,2.41,15.82,2257.0,539.0,0.98,0.04,0.86,0.58,0.96,11.82,64.9,,,1.8,,,33.92,18.65,,135.0,4.5,149.0,2.42,1053.0,6.93,537.0,10.46,0.89,0.87,4.043,18.922,11.946,11.776,0.171,,,,519.0,110.0,,,,,171.0,,9.2,,IFCT 2017,1
134,H020,Sunflower seeds (Helianthus annuus),Sunflower seeds,Helianthus annuus,nut_seed,vegan,,True,raw,20,50,3.53,23.53,3.44,51.85,10.8,8.51,2.29,6.85,2453.0,586.0,0.59,0.13,1.6,0.97,0.94,2.44,81.79,,,1.54,,,12.93,9.2,,176.0,5.85,413.0,7.07,559.0,1.9,752.0,,2.78,2.35,6.159,17.803,25.58,25.545,0.0356,,,,249.0,8.15,,,,,20.0,2.48,0.7,,IFCT 2017,2
135,H021,Walnut (Juglans regia),Akhrot (walnut),Juglans regia,nut_seed,vegan,tree_nut,True,raw,20,50,3.56,14.92,1.72,64.27,5.39,4.74,0.65,10.14,2809.0,671.0,0.4,0.12,0.86,0.84,0.8,13.05,57.95,0.88,,46.31,,,4.12,84.92,,105.0,3.21,180.0,2.94,457.0,1.33,400.0,6.53,1.52,3.47,5.208,11.316,44.915,36.205,8.71,,,,122.0,9.53,,4.94,,,21.7,2.3,1.0,,IFCT 2017,2
136,I001,"Jaggery, cane (Saccharum officinarum)",Gur (jaggery),Saccharum officinarum,sweetener,vegan,,True,raw,15,25,11.2,1.85,1.92,0.16,0.0,0.0,0.0,84.87,1480.0,354.0,0.04,0.01,0.02,0.23,0.71,0.58,14.4,,,0.47,,,0.04,,,107.0,4.63,115.0,0.45,488.0,25.38,74.53,,0.07,0.72,0.06923,0.02167,0.0331,0.0331,,,,,18.49,,,,,,5.9,,0.0,,IFCT 2017,1
137,J001,"Button mushroom, fresh (Agaricus sp.)",Button mushroom,Agaricus sp.,vegetable,vegan,,False,raw,80,200,90.09,3.68,0.71,0.42,3.11,2.76,0.35,1.98,115.0,27.0,0.01,0.03,0.68,0.43,0.12,9.23,8.28,,,20.54,,,0.01,12.5,,18.38,0.29,18.3,0.17,318.0,7.72,87.11,,0.09,0.15,0.06289,0.00682,0.263,0.263,,,,,,,,,,,,,0.0,,IFCT 2017,2
138,K002,Coconut Water,Nariyal pani (coconut water),,beverage,vegan,coconut,True,raw,200,400,95.77,0.26,0.65,0.16,0.0,0.0,0.0,3.16,64.0,15.0,0.01,0.01,0.04,0.26,0.06,0.21,10.88,0.64,,,,,0.45,2.69,,27.47,0.06,18.19,0.04,215.0,28.09,18.05,,0.02,0.48,0.0934899999999999,0.02411,0.00373,0.00373,,,,,46.12,,,,,,4.53,,0.0,,IFCT 2017,2
139,L001,"Milk, whole, Buffalo","Milk, buffalo (full fat)",,dairy,vegetarian,dairy,True,raw,200,500,80.68,3.68,0.67,6.58,0.0,0.0,0.0,8.39,449.0,107.0,0.05,0.13,0.07,0.38,0.04,2.16,8.57,2.37,,1.63,,,0.19,,,121.0,0.16,10.05,0.3,109.0,30.1,86.94,1.45,0.03,0.01,4.63,1.919,0.2,0.132,0.03476,,,,80.87,8.42,,,,,8.78,,0.7,,IFCT 2017,2
140,L002,"Milk, whole, Cow","Milk, cow (full fat)",,dairy,vegetarian,dairy,True,raw,200,500,86.64,3.26,0.68,4.48,0.0,0.0,0.0,4.94,305.0,73.0,0.03,0.11,0.08,0.34,0.04,1.98,7.03,2.01,,1.22,,,0.22,,,118.0,0.15,8.28,0.33,115.0,25.46,96.56,0.95,0.03,0.01,2.707,1.214,0.138,0.106,0.02052,,,,200.0,13.67,,,,,9.62,5.01,1.1,,IFCT 2017,3
141,L003,Panner,Paneer,,dairy,vegetarian,dairy,True,raw,100,150,51.96,18.86,1.98,14.78,0.0,0.0,0.0,12.41,1079.0,258.0,0.02,0.1,0.13,0.49,0.04,21.04,93.31,,,0.13,,,0.02,,,476.0,0.9,26.62,2.74,63.53,18.04,330.0,23.14,0.1,0.13,8.851,4.3,0.439,0.206,0.233,,,,194.0,4.39,,,,,7.58,,0.4,,IFCT 2017,3
142,M004,"Egg, poultry, whole, boiled","Egg, whole, boiled",,egg,egg,egg,False,cooked,100,150,73.46,13.43,0.86,10.54,0.0,0.0,0.0,0.0,618.0,148.0,0.06,0.18,0.21,1.42,0.14,15.36,48.25,,180.0,,0.74,,1.34,,13.02,55.12,1.87,13.76,1.31,127.0,121.0,209.0,46.12,0.07,0.03,3.464,3.991,1.294,1.169,0.0294,,65.26,365.0,136.0,13.19,,1.07,,,14.69,26.29,181.1,,IFCT 2017,3
143,M005,"Egg, poultry, white, boiled","Egg white, boiled",,egg,egg,egg,False,cooked,100,150,83.54,12.37,0.81,0.26,0.0,0.0,0.0,0.0,220.0,53.0,0.02,0.18,0.01,0.18,,4.37,4.1,,,,0.18,,,,,8.07,0.15,11.62,0.09,147.0,144.0,23.0,14.86,0.05,,,,,,,,,,5.3,,,,,,,,0.0,,IFCT 2017,2
144,M007,"Egg, poultry, omlet",Egg omelette,,egg,egg,egg,False,cooked,100,150,68.48,16.53,0.96,11.6,0.0,0.0,0.0,0.0,710.0,170.0,0.11,0.2,0.33,2.06,0.14,17.13,37.66,,181.0,,2.98,,1.88,,16.62,53.26,2.16,14.84,1.31,163.0,169.0,222.0,42.18,0.15,0.02,3.179,4.615,3.168,2.679,0.03436,,46.76,316.0,111.0,11.36,,0.75,,,14.47,19.03,182.0,,IFCT 2017,2
145,M009,"Egg, country hen, whole, boiled","Desi egg (country hen), boiled",,egg,egg,egg,False,cooked,100,150,70.43,14.43,0.94,14.1,0.0,0.0,0.0,0.0,767.0,183.0,0.11,0.08,0.12,0.96,0.18,20.15,59.98,,195.0,,2.99,,2.05,,60.0,57.79,1.73,11.0,1.25,120.0,149.0,206.0,52.65,0.09,0.02,4.074,5.747,1.882,1.401,0.02928,,120.0,369.0,166.0,17.45,,1.06,,,23.61,37.85,196.5,,IFCT 2017,2
146,N001,"Chicken, poultry, leg, skinless","Chicken leg, skinless",,poultry,nonveg,,False,raw,150,250,67.61,19.44,1.14,12.64,0.0,0.0,0.0,0.0,1605.0,384.0,0.17,0.13,5.6,1.28,0.33,4.58,7.47,,10.95,,1.12,0.02,0.61,,10.78,20.52,1.27,23.82,1.77,283.0,65.07,199.0,20.22,0.25,0.03,1.157,1.56,0.661,0.627,0.02597,,,84.25,,,,,,,,,11.0,IFCT fat/kcal look high vs its own fatty-acid data; check against USDA,IFCT 2017,2
147,N002,"Chicken, poultry, thigh, skinless","Chicken thigh, skinless",,poultry,nonveg,,False,raw,150,250,67.58,18.18,1.14,14.23,0.0,0.0,0.0,0.0,836.0,200.0,0.13,0.1,5.62,1.06,0.38,3.86,9.0,,16.48,,1.22,0.02,0.66,,16.17,18.37,1.11,22.55,1.42,263.0,64.59,186.0,18.69,0.23,0.02,1.071,1.461,0.52,0.49,0.02252,,,91.93,,,,,,,,,16.5,IFCT fat/kcal look high vs its own fatty-acid data; check against USDA,IFCT 2017,2
148,N003,"Chicken, poultry, breast, skinless","Chicken breast, skinless",,poultry,nonveg,,False,raw,150,250,67.15,21.81,1.19,9.0,0.0,0.0,0.0,0.0,704.0,168.0,0.1,0.06,8.06,1.15,0.53,4.11,10.44,,6.96,,1.38,,0.29,,27.8,12.91,0.83,20.2,0.78,295.0,36.7,178.0,18.56,0.27,0.02,0.816,0.991,0.367,0.346,0.01263,,,61.55,,,,,,,,,7.0,IFCT fat/kcal look high vs its own fatty-acid data; check against USDA,IFCT 2017,3
149,N004,"Chicken, poultry, wing, skinless","Chicken wing, skinless",,poultry,nonveg,,False,raw,150,250,67.48,17.42,1.13,13.81,0.0,0.0,0.0,0.0,807.0,193.0,0.08,0.07,6.66,1.28,0.39,3.61,7.87,,31.21,,1.11,,0.58,,28.17,28.13,1.38,22.81,1.48,185.0,72.78,189.0,20.52,0.43,0.04,1.241,1.777,0.658,0.623,0.02764,,,54.52,,,,,,,,,31.2,IFCT fat/kcal look high vs its own fatty-acid data; check against USDA,IFCT 2017,2
150,N005,"Poultry, chicken, liver",Chicken liver,,poultry,nonveg,,False,raw,40,60,73.2,21.57,1.11,4.08,0.0,0.0,0.0,0.0,518.0,124.0,0.28,0.2,4.44,6.39,0.92,4.07,1032.0,,3486.0,,2.62,0.02,0.73,,14.3,4.1,9.92,16.0,2.65,241.0,61.58,244.0,46.35,0.29,0.21,1.328,0.681,1.013,0.68,0.14,,194.0,268.0,,,,,,,,,3486.0,"organ meat: very high vitamin A, keep portion small",IFCT 2017,1
151,O001,"Goat, shoulder","Mutton (goat), shoulder",,meat,nonveg,,False,raw,100,150,66.39,20.33,0.9,11.94,0.0,0.0,0.0,0.0,787.0,188.0,0.07,0.17,5.14,1.07,0.26,,2.08,,7.57,,0.8,,0.35,,5.8,6.18,1.48,21.39,4.19,332.0,47.31,189.0,12.91,0.11,0.02,5.444,4.902,0.643,0.432,0.03328,,,82.18,,,,,,,,,7.6,,IFCT 2017,1
152,O003,"Goat, legs","Mutton (goat), leg",,meat,nonveg,,False,raw,100,150,68.85,22.07,0.97,7.94,0.0,0.0,0.0,0.0,669.0,160.0,0.07,0.15,5.15,0.99,0.31,,2.25,,8.51,,0.28,0.04,0.09,,9.5,5.76,1.77,21.71,3.52,339.0,42.77,187.0,17.76,0.08,0.01,3.665,3.038,0.567,0.374,0.02185,,,82.52,,,,,,,,,8.5,,IFCT 2017,1
153,O008,"Goat, liver",Mutton (goat) liver,,meat,nonveg,,False,raw,40,60,73.37,20.32,1.3,4.88,0.0,0.0,0.0,0.0,526.0,126.0,0.2,0.37,12.88,7.01,0.65,,178.0,,15655.0,,0.56,0.18,0.61,,12.64,6.09,6.56,18.0,3.48,284.0,55.41,336.0,48.12,3.7,0.26,1.77,0.921,0.924,0.368,0.05653,,138.0,415.0,,,,,,,,,15655.0,"organ meat: very high vitamin A, keep portion small",IFCT 2017,1
154,P003,Anchovy (Stolephorus indicus),Anchovy (nethili),Stolephorus indicus,fish,nonveg,fish,False,raw,150,250,77.77,19.88,1.62,0.78,0.0,0.0,0.0,0.0,367.0,88.0,0.03,0.04,0.91,1.21,61.25,,1170.0,,12.18,,2.76,0.11,0.73,,0.6,36.6,0.54,53.0,0.65,270.0,212.0,246.0,56.22,0.04,0.07,0.248,0.05036,0.29,0.00713,,60.0,187.0,29.56,,,,,,,,,12.2,,IFCT 2017,1
155,P007,Bombay duck (Harpadon nehereus),Bombay duck (bombil),Harpadon nehereus,fish,nonveg,fish,False,raw,150,250,83.24,13.53,1.07,1.03,0.0,0.0,0.0,0.0,287.0,69.0,0.03,0.02,0.64,1.48,98.0,,2784.0,,3.38,,0.96,0.29,0.75,,1.04,159.0,0.81,24.27,0.42,188.0,223.0,185.0,25.45,0.03,0.05,0.398,0.171,0.252,0.01025,,61.27,137.0,46.43,,,,,,,,,3.4,,IFCT 2017,1
156,P017,Hilsa (Tenualosa ilisha),Hilsa (ilish),Tenualosa ilisha,fish,nonveg,fish,False,raw,150,250,60.09,21.8,1.11,18.49,0.0,0.0,0.0,0.0,1083.0,259.0,0.01,0.04,2.85,2.33,120.0,,2875.0,,7.42,,4.96,1.02,1.35,,0.94,19.82,1.19,30.62,0.64,341.0,80.88,278.0,37.62,0.15,0.08,9.286,6.021,1.801,0.136,,925.0,232.0,82.42,,,,,,,,,7.4,,IFCT 2017,1
157,P034,Mackerel (Rastrelliger kanagurta),Mackerel (bangda),Rastrelliger kanagurta,fish,nonveg,fish,False,raw,150,250,74.55,21.51,1.2,1.53,0.0,0.0,0.0,0.0,423.0,101.0,0.07,0.1,2.67,1.35,100.0,,713.0,,16.34,,0.22,0.23,0.71,,5.25,31.27,1.46,37.46,0.67,309.0,83.01,231.0,64.08,0.12,0.02,0.604,0.216,0.47,0.0281,,72.72,259.0,46.48,,,,,,,,,16.3,,IFCT 2017,2
158,P057,"Pomfret, white (Pampus argenteus)","Pomfret, white",Pampus argenteus,fish,nonveg,fish,False,raw,150,250,75.91,19.02,1.01,5.12,0.0,0.0,0.0,0.0,513.0,123.0,0.05,0.03,1.38,1.11,130.0,,961.0,,30.31,,0.61,0.1,1.26,,0.99,13.64,0.31,32.2,0.53,255.0,46.09,211.0,29.33,0.05,0.02,2.669,1.049,0.919,0.01407,,167.0,423.0,41.56,,,,,,,,,30.3,,IFCT 2017,2
159,P068,Salmon (Salmo salar),Salmon,Salmo salar,fish,nonveg,fish,False,raw,150,250,67.84,20.97,1.13,9.86,0.0,0.0,0.0,0.0,721.0,172.0,0.07,0.06,4.45,1.15,150.0,,1136.0,,15.63,,0.86,0.08,0.58,,0.75,24.3,0.98,31.18,0.51,345.0,20.25,211.0,36.34,0.08,0.01,4.305,2.453,2.297,0.119,,406.0,1192.0,61.27,,,,,,,,,15.6,,IFCT 2017,1
160,P071,Sardine (Sardinella longiceps),Sardine (mathi),Sardinella longiceps,fish,nonveg,fish,False,raw,150,250,72.29,17.91,0.84,8.99,0.0,0.0,0.0,0.0,637.0,152.0,0.01,0.06,0.91,0.77,140.0,,2266.0,,12.66,,3.51,,0.38,,2.65,42.26,0.83,24.39,0.89,228.0,38.49,191.0,50.21,0.07,0.02,1.25,0.63,0.77,0.04233,,297.0,317.0,49.12,,,,,,,,,12.7,,IFCT 2017,2
161,P083,Tilapia (Oreochromis niloticus),Tilapia,Oreochromis niloticus,fish,nonveg,fish,False,raw,150,250,79.57,18.48,1.18,1.08,0.0,0.0,0.0,0.0,349.0,83.0,0.02,0.18,1.4,0.78,176.0,,829.0,,17.14,,0.85,0.08,1.86,,3.65,99.39,2.84,24.56,0.88,255.0,52.55,184.0,20.85,0.04,0.1,0.413,0.254,0.199,0.04944,,14.76,59.16,26.36,,,,,,,,,17.1,,IFCT 2017,1
162,P084,Tuna (Euthynnus affinis),Tuna,Euthynnus affinis,fish,nonveg,fish,False,raw,150,250,72.12,24.5,1.11,1.44,0.0,0.0,0.0,0.0,470.0,112.0,0.06,0.07,4.73,1.34,68.24,,1374.0,,16.65,,0.11,0.63,0.57,,11.63,9.82,1.6,35.85,0.69,357.0,52.89,292.0,21.55,0.27,0.02,0.66,0.3,0.575,0.02305,,90.61,345.0,46.1,,,,,,,,,16.6,,IFCT 2017,1
163,P087,Vanjaram (Scomberomorus commerson ),Seer / kingfish (vanjaram),Scomberomorus commerson ,fish,nonveg,fish,False,raw,150,250,72.3,22.28,1.33,5.18,0.0,0.0,0.0,0.0,570.0,136.0,0.03,0.07,3.46,1.22,163.0,,1545.0,,81.9,,1.57,0.07,0.67,,0.65,9.85,0.41,36.73,0.74,473.0,34.85,302.0,32.64,0.08,0.01,2.229,1.078,1.384,0.0599699999999999,,422.0,626.0,67.71,,,,,,,,,81.9,,IFCT 2017,1
164,Q001,Crab (Menippe mercenaria),Crab,Menippe mercenaria,shellfish,nonveg,shellfish,False,raw,100,150,79.77,10.23,1.74,1.41,0.0,0.0,0.0,0.0,343.0,82.0,0.01,0.1,1.66,0.71,120.0,,2304.0,,1.55,,0.21,0.68,6.33,,1.04,128.0,1.1,38.04,0.76,171.0,244.0,100.0,34.8,0.42,0.33,0.214,0.14,0.256,0.01626,,82.64,108.0,53.87,,,,,,,,,1.6,,IFCT 2017,1
165,Q007,"Tiger prawns, brown (Solenocera crassicornis)",Tiger prawns,Solenocera crassicornis,shellfish,nonveg,shellfish,False,raw,100,150,82.41,14.85,0.94,0.56,0.0,0.0,0.0,0.0,273.0,65.0,0.01,0.03,1.03,1.68,104.0,,1537.0,,1.24,,1.18,0.35,3.04,,297.0,37.81,0.73,45.93,1.1,141.0,188.0,189.0,46.95,0.32,0.03,0.121,0.07653,0.101,0.01255,,19.83,35.72,70.8,,,,,,,,,1.2,,IFCT 2017,1
166,R004,"Squid, black (Loligo sp.)",Squid,Loligo sp.,shellfish,nonveg,mollusc,False,raw,100,150,80.59,16.1,0.99,1.07,0.0,0.0,0.0,0.0,335.0,80.0,0.02,0.04,1.04,0.72,236.0,,1233.0,,2.55,,0.57,0.32,0.68,,1.14,22.98,0.5,41.99,1.24,162.0,179.0,173.0,57.13,1.09,0.03,0.287,0.05642,0.388,0.00846,,70.73,261.0,231.0,,,,,,,,,2.6,,IFCT 2017,1
167,S002,Catla (Catla catla),Catla,Catla catla,fish,nonveg,fish,False,raw,150,250,78.43,17.94,0.94,2.15,0.0,0.0,0.0,0.0,394.0,94.0,0.01,0.03,2.21,1.0,116.0,,1926.0,,4.32,,1.9,0.16,2.35,,1.12,43.53,1.14,25.58,0.68,301.0,36.56,182.0,19.73,0.06,0.03,1.67,1.237,0.815,0.214,,123.0,242.0,64.42,,,,,,,,,4.3,,IFCT 2017,1
168,S005,Pangas (Pangasianodon hypophthalmus),Pangas (basa),Pangasianodon hypophthalmus,fish,nonveg,fish,False,raw,150,250,68.5,17.12,1.12,16.77,0.0,0.0,0.0,0.0,852.0,204.0,,0.05,1.28,0.66,229.0,,1323.0,,14.59,,0.2,0.08,2.8,,0.92,11.19,0.69,25.09,0.69,282.0,37.42,179.0,19.31,0.04,0.03,0.863,0.714,0.51,0.221,,42.15,106.0,66.89,,,,,,,,,14.6,,IFCT 2017,1
169,S006,Rohu (Labeo rohita),Rohu,Labeo rohita,fish,nonveg,fish,False,raw,150,250,76.34,19.71,1.28,2.39,0.0,0.0,0.0,0.0,428.0,102.0,,0.04,2.33,1.18,240.0,,1263.0,,3.87,,0.84,0.17,2.4,,1.03,39.37,1.04,26.53,0.8,303.0,35.56,200.0,51.5,0.05,0.04,2.047,2.618,0.747,0.531,,23.61,46.72,47.72,,,,,,,,,3.9,,IFCT 2017,3
170,S008,"Prawns, big (Macrobrachium rosenbergii)","Prawns, big",Macrobrachium rosenbergii,shellfish,nonveg,shellfish,False,raw,100,150,77.43,19.24,0.84,0.52,0.0,0.0,0.0,0.0,380.0,91.0,,0.02,1.31,1.74,186.0,,1826.0,,3.56,,0.35,0.1,,,0.84,48.55,0.78,39.25,1.44,269.0,849.0,237.0,28.59,0.69,0.03,0.0868599999999999,0.05677,0.09461,0.01775,,27.14,27.94,87.28,,,,,,,,,3.6,,IFCT 2017,1
171,USDA-171284,"Yogurt, plain, whole milk",Dahi / curd,,dairy,vegetarian,dairy,True,raw,200,400,,3.47,,3.25,0.0,,,4.66,255.0,61.0,0.029,0.142,0.075,0.389,0.032,,7.0,0.5,27.0,,,,,,,121.0,0.05,12.0,0.59,155.0,46.0,95.0,,,,2.096,0.893,0.092,,,,,13.0,,,,,,,,,27.0,,USDA SR Legacy fdc_id 171284,3
172,USDA-170874,"Milk, buttermilk, fluid, cultured, lowfat",Chaas / buttermilk,,dairy,vegetarian,dairy,True,raw,200,300,,3.31,,0.88,0.0,,,4.79,167.0,40.0,,,,,,,,,,,,,,,,116.0,0.03,11.0,0.42,151.0,105.0,,,,,0.554,,,,,,,4.0,,,,,,,,,,,USDA SR Legacy fdc_id 170874,3
173,USDA-173412,"Butter oil, anhydrous",Ghee,,fat_oil,vegetarian,dairy,True,raw,10,30,,0.28,,99.48,0.0,,,0.0,3665.0,876.0,,,,,,,,,824.0,,,,2.8,8.6,,4.0,0.0,,0.01,,2.0,,,,,61.9,28.7,3.7,,,,,256.0,,,,,,,,,840.0,,USDA SR Legacy fdc_id 173412 (butter oil = ghee),3
174,USDA-172337,"Oil, mustard",Mustard oil (sarson ka tel),,fat_oil,vegan,,True,raw,10,30,,0.0,,100.0,0.0,,,0.0,3699.0,884.0,,,,,,,,,,,,,,,,,,,,,,,,,,11.6,59.2,21.2,,,,,0.0,,,,,,,,,,,USDA SR Legacy fdc_id 172337,3
175,USDA-171025,"Oil, sunflower, linoleic (approx. 65%)",Sunflower oil,,fat_oil,vegan,,True,raw,10,30,,0.0,,100.0,0.0,,,0.0,3699.0,884.0,,,,,,,,,,,,,41.08,,,,,,,,,,,,,10.3,19.5,65.7,,,,,0.0,,,,,,,,,,,USDA SR Legacy fdc_id 171025,3
176,USDA-171410,"Oil, peanut, salad or cooking",Groundnut oil,,fat_oil,vegan,peanut,True,raw,10,30,,0.0,,100.0,0.0,,,0.0,3699.0,884.0,,,,,,,,,,,,,15.69,,,,,,,,,,,,,16.9,46.2,32.0,,,,,0.0,,,,,,,,,,,USDA SR Legacy fdc_id 171410,2
177,USDA-172475,"Tofu, raw, firm, prepared with calcium sulfate",Tofu,,pulse,vegan,soy,True,raw,100,200,,17.3,,8.72,2.3,,,2.78,602.0,144.0,,,,,,,29.0,,,,,,,,,683.0,2.66,58.0,1.57,237.0,14.0,190.0,17.4,0.473,1.19,1.26,1.93,4.92,,,,,0.0,,,,,,,,,,,USDA SR Legacy fdc_id 172475,2
178,USDA-174288,Chickpea flour (besan),Besan (gram flour),,pulse,vegan,,True,dry_raw,30,80,,22.39,,6.69,10.8,,,57.82,1619.0,387.0,0.486,0.106,1.762,,0.492,,437.0,0.0,,,,,0.83,9.1,,45.0,4.86,166.0,2.81,846.0,64.0,318.0,,,,0.693,1.504,2.983,,,,,0.0,,,,,,,,,2.0,dry flour,USDA SR Legacy fdc_id 174288,3
179,USDA-170556,"Seeds, pumpkin and squash seed kernels, dried",Pumpkin seeds (kaddu ke beej),,nut_seed,vegan,,True,raw,15,40,,30.23,,49.05,6.0,,,10.71,2339.0,559.0,0.273,0.153,4.987,0.75,0.143,,58.0,1.9,,,,,2.18,7.3,,46.0,8.82,592.0,7.81,809.0,7.0,1233.0,9.4,1.343,4.543,8.68,16.13,20.98,,,,,0.0,,,,,,,,,0.0,,USDA SR Legacy fdc_id 170556,2
180,USDA-170554,"Seeds, chia seeds, dried",Chia seeds,,nut_seed,vegan,,True,raw,10,30,,16.54,,30.74,34.4,,,42.12,2033.0,486.0,0.62,0.17,8.83,,,,49.0,1.6,,,,,,,,631.0,7.72,335.0,4.58,407.0,16.0,860.0,55.2,0.924,2.723,3.33,2.309,23.665,5.84,17.83,,,0.0,,,,,,,,,0.0,,USDA SR Legacy fdc_id 170554,2
181,USDA-173904,"Cereals, oats, regular and quick, not fortified, dry","Oats (rolled, dry)",,cereal_millet,vegan,gluten,True,dry_raw,40,100,,13.15,,6.52,10.1,,,67.7,1586.0,379.0,0.46,0.155,0.96,,0.1,,32.0,0.0,,,,,,,,52.0,4.25,138.0,3.64,362.0,6.0,410.0,28.9,0.626,4.916,1.11,2.18,2.5,,,,,0.0,,,,,,,,,0.0,may be cross-contaminated with gluten,USDA SR Legacy fdc_id 173904,3
182,LBL-SOYACHUNK,"Soya chunks / textured soy protein, dry",Soya chunks (Nutrela-type),,pulse,vegan,soy,True,dry_raw,30,60,,52.0,,0.5,13.0,,,33.0,1443.0,345.0,,,,,,,,,,,,,,,,350.0,20.0,,,,,,,,,,,,,,,,0.0,,,,,,,,,,"dry weight, expands ~3x when boiled; Mg/Zn not on label so left blank; calcium varies by brand (350-500 mg)","Indian manufacturer labels (Nutrela/ABIS: 345 kcal, 52 g protein, 33 g carbs, 0.5 g fat per 100 g)",3
183,LBL-WHEY,Whey protein concentrate powder (typical label),Whey protein (1 scoop ~30 g),,supplement,vegetarian,dairy,True,raw,30,60,,80.0,,7.0,,,,8.0,1674.0,400.0,,,,,,,,,,,,,,,,,,,,,,,,,,,,,,,,,,,,,,,,,,,replace with the numbers on your own tub,Typical label values as used in the user's own plan: 80 g protein / 400 kcal per 100 g,2
184,LBL-HPPANEER,"Paneer, high-protein low-fat (brand label)","Paneer, high-protein low-fat",,dairy,vegetarian,dairy,True,raw,100,200,,25.0,,9.0,,,,5.0,795.0,190.0,,,,,,,,,,,,,,,,,,,,,,,,,,5.5,,,,,,,25.0,,,,,,,,,,fat split and cholesterol are estimates; calcium not published,Brand-published values as used in the user's own plan: 25 g protein / 190 kcal per 100 g,3
185,DRV-ROTI,"Chapati / roti, plain, cooked","Roti (plain, no ghee)",,cereal_millet,vegan,gluten,True,cooked,40,200,8.325,7.928,0.96,1.148,8.52,7.298,1.222,48.128,1005.0,240.0,0.315,0.112,1.778,0.653,0.188,0.57,21.915,,,10.072,,,0.195,1.125,,23.205,3.075,93.75,2.138,233.25,1.53,236.25,39.84,0.36,2.235,0.154,0.112,0.556,0.523,0.034,,,,213.0,2.002,,,,,31.59,0.982,0.15,"1 roti ~40 g cooked from 30 g atta; nutrients scaled from atta, cooking losses ignored; add ghee/oil separately","Derived from IFCT A019 (Atta (whole wheat flour)), divided by 1.3333333333333333",3
186,DRV-RICE,"White rice, boiled","White rice, cooked",,cereal_millet,vegan,,True,cooked,150,400,3.546,2.836,0.2,0.186,1.004,0.711,0.293,27.943,532.5,127.143,0.018,0.018,0.604,0.204,0.043,0.214,3.329,,,,,,0.021,0.536,,2.675,0.232,6.893,0.432,38.571,0.836,34.286,0.361,0.082,0.261,0.066,0.042,0.09,0.084,0.003,,,,6.025,,,,,,0.532,,0.0,cooked weight ~2.8x raw (USDA cooked white rice is ~130 kcal/100 g); cooking losses ignored,"Derived from IFCT A015 (White rice, raw), divided by 2.8",3
187,DRV-TOORDAL,"Toor dal, boiled (thick dal)","Toor dal, cooked (thick)",,pulse,vegan,,True,cooked,150,300,3.68,8.68,1.304,0.624,3.624,2.668,0.956,22.092,553.6,132.4,0.18,0.044,0.836,0.508,0.096,0.124,43.2,,,0.848,,,0.076,16.9,,28.692,1.56,47.6,1.052,558.0,7.204,131.2,5.744,0.456,0.448,0.103,0.036,0.26,0.24,0.021,,,,193.6,50.8,,,,,4.676,,4.24,"plain boiled dal, ~2.5x weight gain; thin restaurant-style dal is more diluted; no tadka oil","Derived from IFCT B021 (Toor / arhar dal (red gram)), divided by 2.5",3
188,DRV-MOONGDAL,"Moong dal, boiled (thick dal)","Moong dal, cooked (thick)",,pulse,vegan,,True,cooked,150,300,3.908,9.552,1.216,0.54,3.748,3.1,0.648,21.036,545.2,130.4,0.14,0.048,0.736,0.672,0.076,0.26,36.844,,,0.82,,,0.092,3.32,,17.252,1.572,62.0,0.996,507.2,4.056,166.4,20.056,0.388,0.392,0.099,0.014,0.214,0.151,0.063,,,,247.6,48.8,,,,,45.2,1.192,4.08,"plain boiled dal, ~2.5x weight gain; no tadka oil","Derived from IFCT B010 (Moong dal (split green gram)), divided by 2.5",3
189,LBL-TONEDMILK,"Milk, toned (typical Indian packet, ~3% fat)","Milk, toned (packet, 3% fat)",,dairy,vegetarian,dairy,True,raw,200,500,86.64,3.1,0.68,3.0,0.0,0.0,0.0,4.7,243.0,58.0,0.03,0.11,0.08,0.34,0.04,1.98,7.03,2.01,,0.817,,,0.147,,,118.0,0.15,8.28,0.33,115.0,25.46,96.56,0.95,0.03,0.01,1.813,0.813,0.092,0.106,0.02052,,,,200.0,13.67,,,,,9.62,5.01,0.737,"macros from typical Indian toned-milk packet label; other nutrients from IFCT cow milk, fat-related values scaled","Label (typical, e.g. Amul Taaza ~58 kcal/100 ml) + IFCT L002",3
